date,sub_index1,sub_index2,sub_index3,sub_index4,sub_index5,sub_index6,sub_index7,sent_norm_w,sent_strength_w,sent_std,neg_z,effective_n,heat,kospi_close,log_return,log_return_t+1
2022-03-02,18.53962419,62.73910480250328,26.306893485191377,27.527517690437193,14.038775583481684,56.91175791415416,67.12820527442526,-0.4906627177161067,0.0804562787364987,0.2068565000458269,-0.8371341676260673,57.88843111413198,0.6582281217160109,2703.52,0.001606604450932636,0.015983901738163553
2022-03-03,24.49894691,65.7457711668405,30.15139195203595,29.597363392620196,15.358021355392292,55.28588345399032,71.02577040952602,-0.8554596789221127,0.0617465687784714,0.199308860101925,-0.8764217379257508,103.21441689579795,-0.4134806519684026,2747.08,0.015983901738163553,-0.012325012121010559
2022-03-04,20.16297434,65.14443789397306,47.07770147187328,2.61412946089387,18.054527561820212,48.79542884380872,71.21937680772231,-0.5021068586873305,0.1538044509438858,0.3135742078493185,0.5072060433307871,71.89577479897551,-0.2809961424881845,2713.43,-0.012325012121010559,-0.023159659772161945
2022-03-07,13.57924583,59.73243843816606,42.00981277557817,48.29778267857465,13.905522708651477,38.44799433334017,63.12318914798138,-0.5454963207737786,0.1436035239577182,0.3008357381575808,0.466565670348838,137.51416053962728,0.4808007894655025,2651.31,-0.023159659772161945,-0.010963928467765172
2022-03-08,10.7167839,56.92621649811799,35.38458607883916,49.14636975613671,10.045168590217624,37.6051976895134,60.07021154954311,-0.7086856475572114,0.1140052373412855,0.2129291568720555,0.1431147840776585,70.01028770407717,0.044135683929668,2622.4,-0.010963928467765172,0.021846261372442832
2022-03-10,19.00017194,62.93954922679244,48.28163041234748,50.404805056148824,9.44070429826085,43.00036887217944,57.80302552980004,-0.9268471834972956,0.1037418688744614,0.2594937024756151,0.1732972545301802,87.37180228294156,-0.0029493241047919,2680.32,0.021846261372442832,-0.007128980319783373
2022-03-11,18.15943391,62.33821595392498,59.018935802242645,0.0,8.286809885713337,37.24449219609989,55.57367376232932,-0.9165051592756368,0.2642881073201935,0.381533175462429,3.659725440485475,64.08301983208386,-1.873442970943214,2661.28,-0.007128980319783373,-0.005890428248726209
2022-03-14,18.44599357,58.329327468142026,61.135996879269904,26.474293249479636,8.202150416085491,35.0189228668263,54.490931513119655,-0.8401056948946228,0.1398785643875805,0.3164173489336886,0.741979916387791,98.49692245152546,0.1108119871735594,2645.65,-0.005890428248726209,-0.00915866501652296
2022-03-15,15.42626143,58.529771892431185,58.18826408207835,28.860124708674658,9.62938785146617,33.94205086447313,55.39721822526354,-0.6496245822899321,0.1100910235208653,0.2751713249094051,-0.1360184183130471,103.67050212265542,-0.0649114922852894,2621.53,-0.00915866501652296,0.014278490408964117
2022-03-16,20.97343224,65.54532674255135,72.96383930167045,41.65832743420296,14.010148653803018,42.33555229614851,52.24187570162722,-0.8021607276702019,0.1280227610340994,0.2817663679805976,0.4062874044319136,87.45224058809663,0.0021555497626017,2659.23,0.014278490408964117,0.013179762444409882
2022-03-17,26.76588377,66.14666001541879,71.78660855863382,32.790483239019416,17.24447141412452,47.66677577185333,52.41261549814589,-0.4807573240478615,0.1322980457372746,0.3007987675970849,-0.0205729452464804,120.61452436008368,0.1864916902407195,2694.51,0.013179762444409882,0.0046320292093362525
2022-03-18,28.04730652,66.54754886399708,72.57886215826721,36.9367966015911,20.091653904784735,43.69290930616763,52.17666631397165,-0.9541331692703816,0.0543175603765236,0.2273088230226979,-1.0456482741769737,61.40289637341544,0.9467886964281604,2707.02,0.0046320292093362525,-0.007776685888807755
2022-03-21,24.89079087,66.34710443970795,72.93042941191361,37.342616808042294,22.96915108734279,39.60343944569145,52.21612715201358,-0.4921987096420747,0.1866612698449372,0.3555590881395004,0.9575447452566728,69.91433616157678,-0.6248591433666674,2686.05,-0.007776685888807755,0.008876921922868597
2022-03-22,28.26037446,66.74799328828624,75.46439427673786,39.18468290549835,29.56715603608239,43.23687884794541,52.97573724056128,-0.9383964942162604,0.0826816363383831,0.1691563753893112,-0.4107502894086021,46.87170226450424,0.9400495653926676,2710.0,0.008876921922868597,0.009201082350878131
2022-03-23,31.79696932,67.14888213686454,79.61240439930776,31.855265574365,35.9408931333702,45.30885735866407,64.35529531985036,-0.541041518387364,0.0749990302982768,0.2363193977950365,-0.9224502076518376,69.60445416589761,0.4119255183943586,2735.05,0.009201082350878131,-0.001972657926176069
2022-03-24,31.3103005,67.95065983402112,99.62292145714328,21.469640389344647,40.544293308764765,48.962810274128415,65.75912404886921,-0.943460778670856,0.0408678122309225,0.1712205123656377,-1.3290869778325085,60.83832762660911,1.174472387915757,2729.66,-0.001972657926176069,0.00011722384639512029
2022-03-25,30.37994357,66.9484377125754,93.41322166210962,50.033000950194264,44.418525478763584,47.84391238481555,63.88562413187791,-0.3339682460495877,0.1691794523913343,0.3618730205030333,0.3885887545138383,60.79395923671677,-0.7601195736040419,2729.98,0.00011722384639512029,-0.00015385911663923224
2022-03-28,31.14584067,66.94600137150668,86.45180220108702,38.18147624621328,49.18354037626267,58.47096342405719,63.198304096054216,-0.6263421081966828,0.2888426521799133,0.4172524288781162,3.0697011184988328,59.74595171165005,-2.69085207429704,2729.56,-0.00015385911663923224,0.00420793107326034
2022-03-29,33.2980602,64.5433261066573,80.24021225856582,38.57681458825531,53.07539755675985,55.41727738022381,67.24731083081316,0.4253834662543207,0.0352053972980054,0.1351254924556872,-1.7916211086415177,85.89057610373403,0.0440683383499054,2741.07,0.00420793107326034,0.0020663988066562666
2022-03-30,34.42964692,64.94377198413221,98.48962760575505,35.31915890058205,56.010915569547926,52.54622296445673,69.25946539207192,-0.6178617481599673,0.1591568440290705,0.3321841029794041,0.7295367684837866,77.45652436119893,-0.1972678114199475,2746.74,0.0020663988066562666,0.003964113838889283
2022-03-31,35.9386741,66.14510961655688,99.9999713348428,18.437003162105515,60.33982080680958,55.822527002769895,67.49959131916317,-0.8271572425294922,0.1367599527035009,0.3231632872475898,0.6247576710885464,76.90257628588085,-0.0931482961762496,2757.65,0.003964113838889283,-0.006475693388978243
2022-04-01,33.83800734,65.744663739082,99.99988226944774,27.85743594476806,64.48104264850946,49.271693552892934,81.78638157053078,-0.8196332185707167,0.1813642058944342,0.3519761229142705,1.427784997787015,83.99600945807187,-0.0918858181952868,2739.85,-0.006475693388978243,0.006566346179786464
2022-04-04,35.9823186,67.94711606519392,99.9836189326257,30.94700151302429,69.30522959200079,55.78580604120725,81.119347571093,-0.3496141909036868,0.2689805095179537,0.4087858653031576,1.699195448240728,96.40914076444253,0.6542713405303279,2757.9,0.006566346179786464,0.00047126208481174103
2022-04-05,36.06766286,67.34644724898158,99.68194241251508,25.551424465662297,73.4386166244546,62.36684684832067,78.92673135726645,-0.6279455483827703,0.1330990955328943,0.3116503702129455,0.1901959281165439,80.67056475782253,-0.0453176068997534,2759.2,0.00047126208481174103,-0.008798377905318233
2022-04-06,32.55477642,66.54555549403179,97.15022274474477,41.7405693206147,74.94653301000615,62.66962528225608,77.95406709439851,-0.5942749806650292,0.1487545809564423,0.3242718308724071,0.3767468784348656,78.01926319135501,-0.1372441663706496,2735.03,-0.008798377905318233,-0.014425141816843734
2022-04-07,27.43386468,65.54444080034455,90.13724660621725,38.671962425593904,74.0666841249455,52.240565269006325,78.69898758877773,-0.3010358579777852,0.1714657134828493,0.327497351698734,0.2213132566246393,132.36821423504304,0.9362955552337928,2695.86,-0.014425141816843734,0.0016789441053015608
2022-04-08,27.98641466,66.54555549403179,75.73993422295129,49.41868813498072,74.02505295856847,55.49997400181399,62.39290523829884,-0.6325698057878629,0.1897883117025751,0.3159867485333999,1.107475199720532,113.49990272744128,0.7995251741323014,2700.39,0.0016789441053015608,-0.0027032605750179073
2022-04-11,27.964961,65.54444080034455,65.37198358042593,42.01668235610418,72.50370182327256,57.39293750517628,65.02919678487619,-0.8371588525876633,0.1007860905562438,0.2699119814026433,-0.1381662326240536,112.56820481311787,-0.1969652741703422,2693.1,-0.0027032605750179073,-0.00982869404937503
2022-04-12,24.69353662,65.3442178616071,84.419470653804,42.84519754595216,68.73131899057974,56.89175375450456,67.4571864945194,-0.7926656954271816,0.1149089124039592,0.2463009010297792,0.0786581826996546,164.94887135320553,-0.1062912746065291,2666.76,-0.00982869404937503,0.01847635339598863
2022-04-13,31.81418285,65.94488667781945,86.53661780823984,49.92431064831202,68.38172074010205,57.46467766300368,66.68150305213376,-0.140844992622299,0.1152401538541724,0.2890974002427338,-0.7428586379413048,110.3693861379102,-0.0361613703269339,2716.49,0.01847635339598863,8.098358246311221e-05
2022-04-14,30.33640193,66.74577843276923,80.88623765366268,54.642386537611365,69.36537023765018,51.80096760204741,66.16373418568031,-0.6344923871383479,0.0502996679626498,0.2082378623428507,-1.233729661179196,117.72587721813008,-0.8782582938894286,2716.71,8.098358246311221e-05,-0.0076301413823962605
2022-04-15,26.93663611,68.3475619426688,74.95938196303666,42.05414950371558,68.3512424869269,49.39273830962592,60.64825681856736,-0.5278433217110426,0.1565273108102505,0.3526162288712009,0.4594825003721381,127.49768431763307,0.6106329663094665,2696.06,-0.0076301413823962605,-0.0010576572580989207
2022-04-18,27.01672354,66.14510961655688,75.35919425188493,65.18779825712649,66.32859151796642,52.45047402957446,62.63107565753991,-0.937665338838041,0.084731188801119,0.2311201863826739,-0.3347607176252123,102.1929935459248,-0.2326291840185507,2693.21,-0.0010576572580989207,0.009489918044749857
2022-04-19,31.15737413,68.74800782014371,71.21389484414898,59.617231017500195,67.53907989480962,51.46508223014439,60.486611323990495,-0.1967028038795707,0.0862348671344174,0.2430597210070424,-0.9618128993201916,89.12207391044457,-0.0336939591451008,2718.89,0.009489918044749857,-7.356213613007867e-05
2022-04-20,31.60684123,68.94823075888115,72.88721109001537,58.32312097520559,67.04461617010536,49.247449983033256,60.05441662116084,-0.5883737779728139,0.1270859492934132,0.285277840689107,0.0632147515219802,114.92098153048543,0.097410141351551,2718.69,-7.356213613007867e-05,0.003495569844772284
2022-04-21,33.45326968,67.54667018771902,67.05080948950288,51.94244536405607,67.60067335031447,50.96602395225103,55.98988627628714,-0.8603659210775805,0.1280803489705427,0.2652666596276073,0.4377208740820008,56.49538457875759,-0.1682083683442526,2728.21,0.003495569844772284,-0.008651018811884903
2022-04-22,30.06836101,68.74800782014371,63.80556246396487,50.19279623167198,67.63145203132804,48.78681102369155,59.41993109028991,-0.5607785123216785,0.0960112858343715,0.2367470850570593,-0.551061761594582,109.2784817853544,-0.2204292379613434,2704.71,-0.008651018811884903,-0.01774810473624555
2022-04-25,24.0177531,62.54109671928284,58.58113598949419,38.86214851551712,64.22559978572609,39.79062218898726,61.212460716191146,-0.900985245367375,0.0681443689453887,0.2052814606776917,-0.7689358493989222,136.60881050183065,-0.9693061063018258,2657.13,-0.01774810473624555,0.004198720265209843
2022-04-26,26.13244747,64.34310316791986,58.03905005964885,52.44169379223479,60.57072394866323,40.818467027071975,63.58550877534053,-0.2877890298367228,0.113607906364811,0.2870801066890181,-0.5738152145185191,60.98212561564751,0.0781064078024083,2668.31,0.004198720265209843,-0.01102252006013238
2022-04-27,21.89587856,58.73686088327135,53.952867448455166,54.31847181529286,52.768726174548306,38.04231469974965,64.76809972435599,-0.6762301054362272,0.0793651986586443,0.2388232257714639,-0.7101214401856643,147.60082293714146,-0.8843304303802977,2639.06,-0.01102252006013238,0.01071516221071711
2022-04-28,28.1381575,61.54351797153357,47.7526250524554,53.8505978398463,46.488884986015755,39.13032511025545,69.45457806147786,-0.7762187277530944,0.1575372493973929,0.3029519276228714,0.87912029470079,112.2026786002843,0.4172983723528791,2667.49,0.01071516221071711,0.01027880170630091
2022-04-29,33.95243788,65.74355875597638,50.7703503263528,60.559822646046015,44.50311672581662,44.77916060742318,66.13157709674958,-0.6719390953078233,0.0660583940996045,0.1779757360430134,-0.990381547448452,78.28674856596952,0.2343660508885481,2695.05,0.01027880170630091,-0.0028239684350044314
2022-05-02,33.13068535,65.74355875597638,52.34421601741283,22.777377601038236,45.43518908189609,43.4817500798504,61.64418927351524,-0.4671337789598188,0.1779551058053576,0.336524794936568,0.6149697561927469,92.84720970781024,0.1634929448007776,2687.45,-0.0028239684350044314,-0.002604367044506617
2022-05-03,32.66628913,65.94356069809271,47.30164430801664,49.1820902325818,44.90949653094288,42.75555904240009,62.82501697222489,-0.7863825900139074,0.1446227424337248,0.3126503854269101,0.5787051691536782,147.7275243421282,0.5790226684887658,2680.46,-0.002604367044506617,-0.0010787547961692567
2022-05-04,34.01390703,63.94354127692947,47.00826449212522,41.64605893663402,48.94444195223046,45.77411518725947,60.232492610672246,-0.2312340377804048,0.0492858598831485,0.1991324412377358,-1.567241551661113,87.53369426819725,-0.0190365933045105,2677.57,-0.0010787547961692567,-0.012423873838962152
2022-05-06,30.28950842,62.343525739998874,42.968195380266046,43.806671443994,48.22740857495923,45.81231244388434,52.93818242008041,-0.4834737978902333,0.0710997060439751,0.2286272884262132,-1.015469445121442,121.94711011315518,-0.6829533796474472,2644.51,-0.012423873838962152,-0.012825274934717967
2022-05-09,26.231305470845367,54.54344999746223,36.12457323645184,48.299608143346795,44.02973900241279,41.96547324455403,53.00044590708709,-0.4605262945760143,0.0948292440324814,0.2334415481627173,-0.5917829087523092,124.76915644283676,-0.3666727298877185,2610.81,-0.012825274934717967,-0.005473025949902954
2022-05-10,24.46047,52.14342669206634,31.16324561030629,47.12461772130838,41.32637199878377,38.63928827857994,53.489532280538995,-0.6519720583772514,0.0893158089871031,0.2525375539537682,-0.480667208520431,146.33359143872474,-0.6505353684722153,2596.56,-0.005473025949902954,-0.0016535523335665658
2022-05-11,24.64225104,55.543459708043855,30.317573383157377,56.93911272706823,39.91470736725377,39.77308988268003,53.9412538198624,-0.7740029225479734,0.1473202648470664,0.3193579597670976,0.7762755968171601,134.05673161198354,0.5221395294679673,2592.27,-0.0016535523335665658,-0.016409208504478023
2022-05-12,18.67095591,44.54335289164602,27.139317458056805,38.59274976505583,34.87381861162544,29.728618361286095,60.46337550051488,-0.8197676914221682,0.1040977509637484,0.2286893707209559,-0.0171104002675704,145.025351454957,-0.3190698920150959,2550.08,-0.016409208504478023,0.02101615477067842
2022-05-13,27.96348603,61.943521855766214,28.145806048110565,60.682255202883105,36.760611339163255,38.43877847975809,65.72614845509393,-0.9043530786758844,0.1375807591460765,0.2989454256937895,0.8201693941099233,76.99126226847189,-0.0964996811305739,2604.24,0.02101615477067842,-0.0029456914636076803
2022-05-16,26.56757476,62.5435276821152,31.016520075798027,41.08318675472668,38.58160935729192,39.15881831667327,58.76787124517496,-0.0842632832185766,0.0262177338119989,0.1584257800954419,-1.7271895543385247,79.6325941215988,0.3446860275412193,2596.58,-0.0029456914636076803,0.009147048069822361
2022-05-17,31.14727308,61.74351991364989,33.92540845113546,48.47601899998033,43.658393606601045,41.41359348581881,56.889848110775006,-0.1514871017090953,0.1075425269687811,0.2912880570411935,-0.677538313396551,61.73705084474129,0.1630415055472645,2620.44,0.009147048069822361,0.0021119171012324855
2022-05-18,32.45205242,74.21586968454676,36.12506924522408,31.413901864105824,48.24447505766045,40.320994820400315,51.51833270450002,-0.2540117225046226,0.0455876527912655,0.1919914507104473,-1.3649205782047753,69.72916797661463,0.6828301835873033,2625.98,0.0021119171012324855,-0.01289321697824164
2022-05-19,29.58558226,64.80968973387424,30.55098549390579,48.60502736534515,52.17196694835478,36.206910806242846,48.49958864383979,-0.4866018794877014,0.1039669554669313,0.2664783770589946,-0.2735667943894749,118.24852595913846,-0.1932372844538011,2592.34,-0.01289321697824164,0.017948998866470944
2022-05-20,40.8173002,76.38652659624043,35.67263983782888,59.62014373284072,53.1775817235547,39.11509160675058,48.17335449469274,-0.6171789694275587,0.0957669588703605,0.2559230354558964,-0.2496493591940378,59.01899948593295,0.3768370192235755,2639.29,0.017948998866470944,0.0030605300935429014
2022-05-23,42.76597431,74.69823788714535,35.35347714669819,36.6086207460074,54.58868842434611,42.77264293382777,51.172872662227626,-0.7388827217890759,0.0950547071040333,0.2538804701899292,-0.1250828673256866,65.63216281042178,0.2822663806601637,2647.38,0.0030605300935429014,-0.015803879109826724
2022-05-24,34.55669087,68.42745125336367,33.66186470208981,48.782887238993574,51.95018225639778,43.82917114116702,50.5123202501176,-0.9682515643305112,0.0969547418885958,0.2401279998455411,0.1664026667677713,113.40757258832323,-0.2456794427318043,2605.87,-0.015803879109826724,0.0043460931614784926
2022-05-25,37.1386389,71.08047636765593,36.036268571866195,54.195339402748466,49.40558679487712,43.38576333968844,54.47117040041484,-0.3248776887454417,0.0610039623933655,0.2344364833056483,-1.0288774310032072,102.175272788927,-0.3940917985973776,2617.22,0.0043460931614784926,-0.0018242073869956243
2022-05-26,35.78854782,72.52758097545168,35.58453775581833,54.25758650759994,50.27680509702762,46.216351067375456,53.86920129579337,-0.7356601051619933,0.0989307486227839,0.2653490957793211,-0.0409169302318027,117.78634109173376,-0.2554253772173785,2612.45,-0.0018242073869956243,0.009751529516545787
2022-05-27,41.61891637,76.86889479883902,38.37033809041049,35.68598830193534,50.78925142578372,46.04232971118694,52.33964493111011,-0.6731690388460332,0.0611211387318281,0.2078204343857992,-0.8300774685324818,91.89383483649532,-0.134374090853668,2638.05,0.009751529516545787,0.011911115611311196
2022-05-30,48.30310822,79.52191991313128,38.9124602550424,2.876717357521441,53.68817519559593,44.50528218244008,58.33179417395232,-0.9098050347961348,0.0716957193489574,0.2202958295402414,-0.3519153232945298,103.00825833422812,-0.3374213665944419,2669.66,0.011911115611311196,0.006064743846425635
2022-05-31,51.61194356,78.5566516797063,39.33896004009302,23.43100355032795,59.3296058384474,46.346377678590315,62.866726258740016,-0.6524814545650428,0.1020575027995314,0.269082328344029,0.0852702355426582,63.20367842023153,0.2257282766233614,2685.9,0.006064743846425635,-0.010069515884607583
2022-06-02,46.46313778,77.83389711815009,36.979235736302144,27.583539113175764,63.08451158262185,44.63454330632264,60.53371214700515,-0.6092398405367152,0.0974897705589045,0.2790338166217843,-0.0706120920802889,47.61613457371595,0.5408523360200774,2658.99,-0.010069515884607583,0.004375537035472554
2022-06-03,48.91943722,78.3157334925209,37.13128638293747,38.818586064541655,67.87724600501804,44.83463768122988,58.89618449104081,-0.9458782200477316,0.1035651444065627,0.2620962948422208,0.5894978955822965,76.44802669739818,0.0830898596189553,2670.65,0.004375537035472554,-0.016730646491530443
2022-06-07,40.4941212,74.70196068473984,35.876718424171834,43.84528449621776,68.94329847074225,45.21799126246364,57.03670241081643,-0.7326826652543678,0.1014982564080869,0.2613319942291134,0.3267962372959093,101.8372382586192,-0.1156722432338415,2626.34,-0.016730646491530443,-7.234663943567199e-05
2022-06-08,41.56066104,75.90655162066685,36.5052695619649,43.396731911836,69.90427477794223,47.62172155543974,54.685111046556514,-0.8895763977957376,0.0710789554834166,0.194882025012137,-0.2842120823464853,67.99424778310082,0.4958534760082583,2626.15,-7.234663943567199e-05,-0.00027039430127828723
2022-06-09,42.52408422,71.32910606414417,33.85598802624551,41.48102127443433,70.29080464704957,49.48613747819765,55.009926215443045,-0.935190207204777,0.0810529688013931,0.2334574025190501,0.0680430860360971,139.54215782187546,-0.7564840737710152,2625.44,-0.00027039430127828723,-0.01132678049835878
2022-06-10,36.47134225,74.35759281809447,30.02962662735227,44.77703637643469,69.26008997947304,48.61794015192694,56.94206003134492,-0.4861284115162768,0.1118097576210445,0.2753997281780445,0.2134667529756856,124.49110570981549,-0.1065541005765788,2595.87,-0.01132678049835878,-0.0358286139258448
2022-06-13,20.44379624,40.77491301455272,24.660954174485266,24.118537252762703,59.01364209240497,46.83364248808727,56.80018118072624,-0.6861181491985233,0.1502403915601132,0.2850197482996288,1.3921338082388517,156.49319147619303,0.7820113820064203,2504.51,-0.0358286139258448,-0.00461833584582827
2022-06-14,18.86652098,33.1495956154764,23.07105077635055,36.59425225861963,49.45683114227539,39.44194040825763,57.92141157830797,-0.6482343638595778,0.1501078374539431,0.2992725081230009,1.3010796731910257,165.24766814680655,0.8510420411690658,2492.97,-0.00461833584582827,-0.018456706176197102
2022-06-15,11.59544832,11.94766664472783,18.85482745545344,23.227665062381167,37.424023154957965,36.38536496959205,56.586800167985885,-0.9500683468808692,0.1179668635594109,0.2613822034364539,1.0817851526157252,216.94224226114855,-0.0333492508958698,2447.38,-0.018456706176197102,0.001645304619756871
2022-06-16,12.50899425,42.214508147718306,21.85388307712312,45.73645976716121,27.14604115154148,34.27555367667874,54.75421439160206,-0.9388985711797398,0.1034426056649181,0.2556016490474125,0.6226551075497004,187.1943187166807,-0.5000864189129848,2451.41,0.001645304619756871,-0.0042842549904094085
2022-06-17,10.35176144,30.158848897112385,21.94708405856709,29.48284535217142,17.629919231114744,31.71470785544821,53.784803090673904,-0.9621188575508954,0.1585663361876984,0.3015226062196366,2.1377562945663233,156.13679386473768,0.9854298739379284,2440.93,-0.0042842549904094085,-0.020654878778904262
2022-06-20,3.242599795,0.0,20.24757951517866,36.31568140418739,14.433991444536703,30.69101823737675,54.079946483162466,-0.835866037946502,0.1425662132796973,0.2842624177083004,1.4227290939260795,182.02765990605812,0.7434349152273007,2391.03,-0.020654878778904262,0.007458430061342725
2022-06-21,6.934526587,68.35240145284173,24.00311583059129,44.25759456100362,14.767366967201722,28.09632208127402,53.589853241711225,-0.864772121575043,0.1158948625746327,0.2692376195699023,0.7528036819755723,166.8229964758766,-0.0809503681659257,2408.93,0.007458430061342725,-0.02783160188908962
2022-06-22,0.0,0.0,19.766120425044218,34.029261170341414,13.455206513312524,18.65775886865013,53.573722891760454,-0.9056892051240608,0.1390908885720718,0.2736047177115692,1.4203460984333405,198.70468041522324,0.7101310511185216,2342.81,-0.02783160188908962,-0.012235155733068659
2022-06-23,0.0,0.0,17.884969158445855,39.453239176419515,11.519892637317502,22.50532897136193,51.88192357665467,-0.8919191500368091,0.108001856914604,0.2671121893482219,0.5627846414273435,191.09379323470705,-0.3613708501448774,2314.32,-0.012235155733068659,0.022338418080219746
2022-06-24,9.775622613,90.26868928234866,25.60334675508016,49.28252677830984,13.133229067884727,26.41268914870777,49.164703586688624,-0.6653668982949633,0.1199793623930557,0.2560920279125123,0.4830777877308267,196.2984709464814,0.0397917096318796,2366.6,0.022338418080219746,0.01481409155614255
2022-06-27,16.18854709,92.25460044656032,33.524966677114264,48.82065497656431,16.99412662431318,31.21904083554198,49.54776295761036,-0.8758040702029037,0.1641227552250071,0.2909170421999974,1.9155080268543536,161.1576375479308,1.1841088333264222,2401.92,0.01481409155614255,0.00836238628846342
2022-06-28,20.91012239,92.07406306799562,39.20463676484799,35.76777008688951,19.472397165538073,30.7241539075967,52.61994790020171,-0.5881625050930914,0.1376644611175926,0.2984703026548068,0.6672733447460839,164.03150886960407,0.5065911917403646,2422.09,0.00836238628846342,-0.01837521076764581
2022-06-29,13.39498934,89.72707714665457,39.43245513141379,49.59232166967913,23.43955106660728,22.202602860423013,53.72862943088488,-0.9266509943409408,0.1579608704679268,0.3015157087171628,1.862360930926713,141.1138443409065,0.8023259178127723,2377.99,-0.01837521076764581,-0.019254919670906645
2022-06-30,6.754990271,83.40826889689016,38.71480120352399,62.52526554448746,26.1753530494662,14.092438203422528,56.58604713359451,-0.5128318011903187,0.1141649062685989,0.2624091697817456,0.0348539613895633,123.69233586676084,-0.0695188390090323,2332.64,-0.019254919670906645,-0.011737800943114607
2022-07-01,3.498752051,79.61698394703151,39.75461275394026,54.49014300655301,26.119632276328453,11.55564585096814,71.64268467797207,-0.8788389859926418,0.1338615675196143,0.2947822751235125,1.1317002532043403,218.54126206231615,0.5877336475910826,2305.42,-0.011737800943114607,-0.0022059343343991955
2022-07-04,4.521355692,70.04850288310256,37.28722008546117,51.72229019944613,23.981715503318917,10.260124475247112,70.75420657415998,-0.8367395086292128,0.1239670018466417,0.2806363935120226,0.737699083795009,169.38520784443523,0.1452462485556289,2300.34,-0.0022059343343991955,0.017854385860177402
2022-07-05,12.21808414,91.89352568943092,41.97390133318342,54.5993629020982,22.00634111434434,16.548164220793424,68.94479949004798,-0.8870160265915451,0.107083958627786,0.2375694490550889,0.3578429589605976,131.10880673682485,-0.2041100595184582,2341.78,0.017854385860177402,-0.021482162112318015
2022-07-06,4.223594787,81.0564164414688,37.7987252536526,65.50797940440376,19.30767914998776,10.370412385365269,66.68055099753701,-0.6591845445313781,0.110358598388603,0.2552573051700941,0.0567312693824092,177.19782347957334,-0.2555159719411349,2292.01,-0.021482162112318015,0.01827004656301856
2022-07-07,13.43762516,90.00183176946872,42.83943025319101,64.71128386224476,19.661689545712896,15.488681661389524,66.59169742616511,-0.8363815623104982,0.1137001437955697,0.2767874184751299,0.4124401540405364,127.02522896690668,-0.0822296916971381,2334.27,0.01827004656301856,0.0069756605327899734
2022-07-08,17.34269399,92.00998623085646,46.75583593291173,50.60779335091941,20.845240116634837,20.566171922979382,46.11838144431427,-0.6392987113000117,0.1280628823673407,0.2815722163598071,0.412430913128715,123.83485876936332,0.138179021869192,2350.61,0.0069756605327899734,-0.004408561611827011
2022-07-11,15.71565228,87.81111781159119,47.27566676305094,52.589981681846744,21.766156444804132,26.45583617929737,43.78560191288737,-0.985509311113,0.0838731986799673,0.2236830895578786,-0.2540409979886994,148.75598254086702,-0.7948758997108231,2340.27,-0.004408561611827011,-0.009665105303877652
2022-07-12,12.23451445,72.11100111346886,44.77700891424688,54.92208253636407,21.017683426547308,23.87006890106768,42.65945005022919,-0.8769602467854545,0.1202706067783698,0.2649526231857142,0.6200665303959738,230.37870067578265,0.0596802051456782,2317.76,-0.009665105303877652,0.004670321012568479
2022-07-13,15.33935592,85.07272536424428,45.37186889136694,48.42970646908742,22.74886903941023,28.235011638981604,42.4941647712493,-0.9606298007914924,0.0959853172996031,0.2579058859307778,0.0562374238742754,183.6276458447128,-0.723815099696669,2328.61,0.004670321012568479,-0.0027048370260907006
2022-07-14,14.55363358,83.06457090285653,45.487283921881975,51.61488268775041,23.1123207762437,26.14960397647955,40.82957266394834,-0.5525018565117995,0.0705414496552266,0.1912451687600838,-1.1271385278745412,108.88063181357532,-0.4590430982176076,2322.32,-0.0027048370260907006,0.0037220939969291322
2022-07-15,19.07144323,75.76219104326475,44.27471574533634,44.3172298905802,24.329040493420795,29.576814767641864,40.76997473176301,-0.782321536350563,0.0931581812374073,0.236215303111089,-0.3334274391224148,175.4183393085803,-0.7635002808423799,2330.98,0.0037220939969291322,0.018813915096490774
2022-07-18,30.97464802,92.00998623085646,49.26989120526806,37.27395635752944,28.235558888469846,41.397462857182425,43.77286621873332,-0.9335884068488156,0.0696465891420998,0.1485581912214882,-0.8871235343929621,134.12336885643228,-0.9022607442561078,2375.25,0.018813915096490774,-0.001803540990578334
2022-07-19,30.72504694,91.64486723787688,51.26361710567604,24.04562845151215,32.09832453876659,38.78348623232977,47.7323059684827,-0.9112309268020944,0.1447464986231461,0.3057509532179791,1.371436614850729,153.69245662472926,0.6253666402992146,2370.97,-0.001803540990578334,0.0066753508825883046
2022-07-20,34.78112157,92.55766472032585,52.27760541760561,48.347527518650416,36.80902268788304,50.29436698728759,48.841827036384075,-0.94882155019799,0.1143009402761624,0.2567311087273964,0.481047788472501,176.51290557048824,-0.1358169666694647,2386.85,0.0066753508825883046,0.009303634031114782
2022-07-21,41.01113501,91.82742673436668,53.04114441780836,51.74051946678412,42.245938396656435,55.10801069977489,49.54240569819562,-0.9553196794913604,0.1228151399697671,0.223063098432716,0.7460933149696529,78.81886318115511,-0.0165733785433031,2409.16,0.009303634031114782,-0.006671827842988698
2022-07-22,38.31557168,92.00998623085646,53.0852305451605,49.643173215269634,46.25071158694687,47.63859442921532,48.435082755503856,-0.8039881851851016,0.1723274592865868,0.3111591109999822,1.856249135163276,101.2088404524283,0.3431121409597827,2393.14,-0.006671827842988698,0.004398745426023254
2022-07-25,40.55628742,92.77100289045168,53.73223839170442,49.21519104981682,47.20412632625616,42.913385949786665,47.16556633668871,-0.516149486101996,0.0908532014243776,0.2388724468904242,-1.0235090397436413,101.33980273910872,-0.1809326554096333,2403.69,0.004398745426023254,0.0038491530193560664
2022-07-26,43.13416864,92.95434479339724,56.284661933321765,33.89274396970971,49.52515831848335,41.55895482173091,45.845137635150664,-0.9649144015424882,0.0687625506395257,0.2090359051070886,-1.0900969908301985,61.74924535813069,0.7229384756887862,2412.96,0.0038491530193560664,0.0010645150938257686
2022-07-27,45.10530641,93.68771240517944,56.57292475202254,20.3898216346908,51.09666212301565,46.342343111425734,44.79703346033384,-0.1308190776034632,0.0724070413213981,0.2139248246529618,-2.0621375334187344,101.55267552044222,-0.3043647374164877,2415.53,0.0010645150938257686,0.008138908620307639
2022-07-28,48.62102497,93.871054308125,58.68988955253195,33.90113311305791,53.92624953409113,54.195935970168264,48.412317855126815,-0.861464868649793,0.1705275010325634,0.3379984198306814,1.9620150650111656,201.2246816957781,1.8395033373911789,2435.27,0.008138908620307639,0.006642448764780262
2022-07-29,51.76969498,94.60442191990724,60.79588783966321,34.412767225732146,57.17348129444766,59.20070992478627,52.45018013070727,-0.7030895225988661,0.1639312035516265,0.340561668525325,1.2549733967953416,145.94293188376577,0.9891529980655378,2451.5,0.006642448764780262,0.0003058883531368295
2022-08-01,51.73229177,94.97009613382178,62.9093295219173,44.67106417831856,60.09202177922195,60.38527442085603,60.79463108879479,-0.8572668903438583,0.1934405746297979,0.3403671636981862,2.462679478562435,100.12807127916354,0.444612267815659,2452.25,0.0003058883531368295,-0.0051636809904715975
2022-08-02,50.18907174,94.42067618017104,62.60291672456426,21.609271820650108,60.323313736779774,55.52372320419094,60.57123835780682,-0.7926505346608467,0.1793153406006798,0.3583283482292516,1.7499821117949468,91.45801848065597,0.1286955820947922,2439.62,-0.0051636809904715975,0.008908317720606185
2022-08-03,53.76935764,95.15323611837202,64.33023328544827,47.17880897107358,61.86650452470472,64.48976403463674,60.09766501525956,-0.9089140146324072,0.1768145988388943,0.3288420931345739,1.913866023523221,119.81422133683378,0.7864018800318915,2461.45,0.008908317720606185,0.00472586074582626
2022-08-04,56.69966383,94.23753619562082,62.29971143940898,33.887151810458455,62.93901511659937,60.84768292444336,59.57167724513992,-0.8394905719236229,0.1492730363364819,0.3088555022562028,0.8862287761260638,55.79833646119169,-0.569318434194733,2473.11,0.00472586074582626,0.007127476077910977
2022-08-05,60.19581863,94.23753619562082,63.29567567982126,33.90576786313218,64.20961329151132,59.37342837049025,58.430554381416,-0.8202677494444321,0.21009926004595,0.3742573894330925,2.4330101118965892,68.84496319054044,-0.9000381574145964,2490.8,0.007127476077910977,0.0009229720352639248
2022-08-08,60.26093639,94.97009613382178,63.05970588914233,25.60130737737661,65.9055215701368,60.89965435732224,42.120867647473474,-0.7447585375076657,0.1299432496164387,0.3020633977579409,0.0768331121305549,80.50481099369401,-0.0362624193410755,2493.1,0.0009229720352639248,0.004146858977478907
2022-08-09,62.0197251,94.42067618017104,62.03669375533305,51.42705926615686,70.09782331657067,65.2631833934242,36.68040112280823,-0.9881150996660948,0.2391211968577658,0.3937707456940821,3.292222659595802,63.583227149804394,-1.5889482156893282,2503.46,0.004146858977478907,-0.00906043908270071
2022-08-10,56.78651371,94.6038161647213,61.468967318223974,49.98282034171264,71.95815971451532,62.23679710488699,39.17031274846329,-0.9892835203448208,0.2045082867896639,0.3039748184640516,2.23829642418778,72.36074235459365,-0.6650443281251844,2480.88,-0.00906043908270071,0.017144441700866153
2022-08-11,65.71341416,95.885796056573,66.58346345581214,56.38843840254679,74.71437604531498,68.33729227718239,39.17058538247843,-0.5670157228935886,0.0875433323037327,0.259254269320621,-1.1364414085550756,76.45491295953447,0.1701991650275671,2523.78,0.017144441700866153,0.0016469641786676092
2022-08-12,67.34884046,95.70265607202276,66.50342499160172,25.22654168294024,76.788563135626,67.60488185513016,41.38610510348592,-0.6390036737135113,0.1902414279961534,0.3487310528168927,1.038918501572648,62.12383260763359,-1.0130729826918905,2527.94,0.0016469641786676092,0.0022048982944182782
2022-08-16,69.48137033,96.06893604112324,62.94917567868555,38.57152179028978,78.98734140298136,60.12796975910254,41.37702187131929,-0.5593138982184737,0.1418979225163935,0.3169030545234381,-0.0450543959809406,78.12748625144607,-0.1044508749045089,2533.52,0.0022048982944182782,-0.006752514276228361
2022-08-17,68.54399685,94.78695614927156,59.134696815994495,49.41283762184079,80.18854428423955,59.993042451951574,41.08416820881334,-0.9284628992179492,0.0983571682975509,0.247282115566537,-0.4411767915128166,86.55097031546457,0.0041627438118262,2516.47,-0.006752514276228361,-0.003351567067828576
2022-08-18,68.8487575,94.42067618017104,57.72991648692608,42.803854504487234,81.82597326683768,56.537237129228714,39.29207197900664,-0.7862403481346938,0.092477625490578,0.276102164078735,-0.7441329171897096,125.52681004855656,-0.4093688636335892,2508.05,-0.003351567067828576,-0.006143110141441532
2022-08-19,68.0526981,94.05439621107055,55.65204563152024,52.11673007352615,81.83727531728347,52.57544264222517,35.30969902490016,-0.7987642401715281,0.101784497672015,0.2716536926193055,-0.5056857461135011,117.15605017409278,-0.2149135121133779,2492.69,-0.006143110141441532,-0.01218535457054859
2022-08-22,65.4914492,91.3103185547732,52.72478547650311,54.58133499043111,80.31940307132734,52.46778929851402,31.94464023749588,-0.4974774276043827,0.0761714239811605,0.2244638193882051,-1.2450684469972442,149.05732181485038,-0.9736859512954514,2462.5,-0.01218535457054859,-0.011090716886825724
2022-08-23,63.36153675,88.38330238805602,51.8025780443744,55.97961154050488,77.47544854609792,49.81930691701007,33.71398640928141,-0.7698032716440076,0.1294684807465571,0.2928155930499843,0.122785780240623,178.59166571611627,0.3246389652845012,2435.34,-0.011090716886825724,0.0049602890273785505
2022-08-24,69.21014971,91.8591340860327,53.602629828232,53.27925324512089,74.86472442965663,50.89558580922855,32.41724060218706,-0.7673566276464943,0.1199484378773852,0.3139031443797837,-0.0881167990024931,159.24248896264376,0.0287508240311851,2447.45,0.0049602890273785505,0.012106444478345857
2022-08-25,79.72888624,95.8837813152688,57.220060914828,30.236775695580764,74.28813333243083,56.78140505368091,33.626502645340146,-0.4547373007206382,0.0389546837604763,0.1512070950146226,-1.8523581671275136,156.67158695644753,-1.9922085522717263,2477.26,0.012106444478345857,0.0015206858519798416
2022-08-26,80.93518899,94.9690887631697,57.14742635561,42.15368294733816,73.64882652523698,54.89296618587803,38.63475905817776,-0.6493360504297653,0.0582567548700666,0.1776368289850988,-1.345528883546201,99.8405703401967,-0.3535574005888304,2481.03,0.0015206858519798416,-0.022063194262241126
2022-08-29,66.46033,87.10273281511725,50.67395663527239,49.2576686437137,70.8369168356388,49.41151499520078,40.47283678656167,-0.7470446308755577,0.0645214190623206,0.2205234984203533,-1.0765086837120468,143.54952769931876,-1.1528158863057605,2426.89,-0.022063194262241126,0.009856942093871446
2022-08-30,73.35107544,95.15202727358952,50.29705825384949,52.94242341529418,71.20324175631242,50.901497107406,36.49297774221546,-0.9145172797763294,0.0938377402029648,0.2514834393071998,-0.3063895909022623,77.00166576742308,0.1284407898594381,2450.93,0.009856942093871446,0.008580221561492074
2022-08-31,80.89475797,95.51790429442916,49.33839132105993,53.980612551814666,71.45109528388076,56.20747422187596,40.50330049516666,-0.8179057773381981,0.1513562609700693,0.3435259064969974,0.7551785439037544,84.21433912822624,-0.0442282853368276,2472.05,0.008580221561492074,-0.0230959227268297
2022-09-01,65.77113892,85.63922473175867,41.76226897523893,38.04739581355243,66.92052886787818,48.317813320299834,56.266734967609935,-0.8039774081735389,0.1837123936683158,0.3632149873464005,1.3743686034645328,133.55748355583322,1.178750841024664,2415.61,-0.0230959227268297,-0.0025699389483850865
2022-09-02,62.44342688,85.82216324217849,39.81419376359737,47.84433613139367,62.33893734403981,43.78058315364399,54.582782672525,-0.9790307257782696,0.0741172733536703,0.2300907456805155,-0.6762813781335614,97.90058691185364,-0.2238536730357676,2409.41,-0.0025699389483850865,-0.002381007920917
2022-09-05,62.33112495,82.7122085650415,39.49754822578088,55.34476057853118,62.09480122975717,41.531688177375315,55.86225777428128,-0.8472973109390839,0.0932243294934985,0.263618153170962,-0.3885035486439249,120.61945510172288,-0.3544785117844482,2403.68,-0.002381007920917,0.00263414989133981
2022-09-06,64.04836593,89.6638719609948,41.50810213021662,46.41522471794842,60.422328306657725,42.33466714885608,57.20821945283609,-0.6622870392220342,0.0618439096464692,0.2457312368006857,-1.1289966147751258,111.22056358129645,-0.593052894251577,2410.02,0.00263414989133981,-0.014023060767898166
2022-09-07,55.02414312,77.77286878370624,37.61205644373937,48.19282420586802,56.179749453880255,37.631676005378885,57.555744335964064,-0.9601332801949672,0.0982077104304577,0.2659244095705476,-0.1282815164711293,121.58303290061356,-0.292436542489751,2376.46,-0.014023060767898166,0.003285206515442951
2022-09-08,57.72150331,88.56624089847585,40.04477757574143,57.43915094249515,56.23037783777465,39.31574728455684,39.91985292314813,-0.8176071146581012,0.0281624496036396,0.106245398556027,-1.6205532804000022,120.90058064787344,-1.2642376817423435,2384.28,0.003285206515442951,0.02700305985553797
2022-09-13,77.15447334,94.78615025274986,44.34272589333492,30.318564675120673,60.22423256300922,42.32321712826138,38.464708261422714,-0.7440936829512361,0.0944018011721273,0.2374090502980345,-0.3298531495202738,125.21074646205098,-0.3768631115855106,2449.54,0.02700305985553797,-0.0156844662225879
2022-09-14,66.20412053,89.84681047141461,42.12227594340372,35.360159080081196,60.455318257226374,36.47669102508691,33.81901800217594,-0.9143964056672916,0.0595246771813239,0.1995457993912549,-0.8549946000264003,142.15706715440078,-1.2343522982824509,2411.42,-0.0156844662225879,-0.003984838805346058
2022-09-15,62.63698077,89.29799494015515,42.36552365284118,43.96080317825895,60.62015520244872,37.42788081613958,32.79769254377045,-0.8895233628705587,0.0907350445145766,0.2601394547704792,-0.2521147473075255,155.8148081179725,-0.6941360639904712,2401.83,-0.003984838805346058,-0.007963073547949229
2022-09-16,59.52099346,81.06576197126307,40.30444508815546,47.60692658176264,61.80120058837753,36.8254127066248,30.44648292383939,-0.8290288194656878,0.0768796605045487,0.2029286017398457,-0.578529861592076,128.03997711662538,-0.6869676174470465,2382.78,-0.007963073547949229,-0.011446930269098488
2022-09-19,56.00682461,70.45532836691329,37.944324546146454,43.361411774883976,61.03140989772668,35.315393490045615,29.717901007962293,-0.9803731416875036,0.0457869627309801,0.1925276020665854,-1.0115248070897382,123.34997354199508,-1.0805883162749983,2355.66,-0.011446930269098488,0.005161427439394295
2022-09-20,60.15565383,85.82216324217849,42.72772610137227,41.154480648475825,56.702406754793586,37.67173482468909,29.38731419134423,-0.6140095845491582,0.1732628077334576,0.3032188455263881,0.9634895448341032,82.62662657105774,-0.1177750666829819,2367.85,0.005161427439394295,-0.008754981627942193
2022-09-21,55.19289222,79.60225388790448,41.74920334585597,46.19702863207842,53.194610401134256,38.395810271048155,30.671091280924024,-0.8485783537931516,0.1127960196819853,0.2624123922734615,0.2034290704136539,127.81293696081973,-0.0983125952932301,2347.21,-0.008754981627942193,-0.006368196034814311
2022-09-22,50.0209169,69.2733718353318,42.56785272097316,44.27251497557391,49.64473410828811,40.69531325697493,28.715349079094057,-0.8615760505931744,0.079123117798852,0.2199418669449079,-0.4259482793000735,237.2628792841542,-1.6909673635684623,2332.31,-0.006368196034814311,-0.01830737519190695
2022-09-23,43.15219968,56.71619380628227,39.27619942730481,56.00061809093643,47.596203394484874,36.85415061224828,28.75095677050258,-0.9735716406186076,0.0856143515542247,0.2358109625646463,-0.2039939161391609,173.22052603740596,-0.97009067094619,2290.0,-0.01830737519190695,-0.03062128787693741
2022-09-26,28.12232325,26.023502029482408,31.76428356750035,24.639483756253043,40.21261615447506,27.380221379368436,30.186177808566228,-0.9298806880916848,0.1018638117434085,0.252105479118868,0.0643503331529069,175.22289839510407,-0.5037523483878813,2220.94,-0.03062128787693741,0.001313895077426075
2022-09-27,30.16856648,48.679892666468895,33.55437531463203,55.1761144886459,33.22562023581001,25.68445849490887,30.552907820021957,-0.8500594156689201,0.1228114155186623,0.2771653503134609,0.399576271401125,174.67309788546743,0.1177980564661177,2223.86,0.001313895077426075,-0.024844499692339816
2022-09-28,17.17916702,17.548672774681958,29.750953686259383,26.35096832263409,24.773762642643028,25.44782903129316,32.577650463059925,-0.8887761615190107,0.1248956811504828,0.2610169016888957,0.4880131898390251,231.46675195457027,0.2520813356956027,2169.29,-0.024844499692339816,0.0007557220961382782
2022-09-29,17.40102035,48.86854302914083,31.483003266256237,55.89012142869342,17.96460741783166,21.513171418583944,40.26140302541752,-0.8423574634121953,0.1384049740876474,0.2839998302771228,0.6794856871073529,214.5632227966315,0.7500408555594447,2170.93,0.0007557220961382782,-0.007137571270972032
2022-09-30,16.12858548,46.258553841269254,32.452855747765774,49.51010546983031,11.30496531560402,15.303694481758448,35.49500145256583,-0.9089571161743994,0.1160326061874003,0.2516981350915896,0.3590694595759181,195.73594419580365,-0.0961319840238004,2155.49,-0.007137571270972032,0.024693857284227683
2022-10-04,31.45901896,91.37408123162076,40.052598140166715,40.942107079088345,10.52840739434086,25.911562439556445,30.966346915491965,-0.8833216022503273,0.0887292174175305,0.2531863413796877,-0.1488688707862927,157.96727831937156,-0.7612376103904576,2209.38,0.024693857284227683,0.002639788180322178
2022-10-05,34.25504508,79.44270208706499,41.45125941748788,24.828862429580123,9.962480294998471,30.61865335928792,28.76591872354928,-0.9381932545491958,0.0963881793833945,0.23850787476016,0.0620908934582972,178.12073131896992,-0.6820061092973274,2215.22,0.002639788180322178,0.01016833071558132
2022-10-06,39.95547542,93.61367320978496,49.1155497298071,49.086138399905295,12.59372738198879,34.139858469445,24.67072861830457,-0.8447134570185755,0.1573451045455597,0.3129210590192553,1.2694352116790617,109.0605592389351,0.3688820399556229,2237.86,0.01016833071558132,-0.002245734274181288
2022-10-07,39.4354836,88.95809987427621,47.77787887293326,57.54581786447975,14.482696554176162,33.667813621149875,22.781493816879063,-0.5843496522817194,0.1642785055002783,0.3120241060553309,0.8984908824024953,102.82352856560216,0.3219441682364916,2232.84,-0.002245734274181288,-0.01842801492296342
2022-10-11,29.57670604,48.54772332206024,43.61100597221632,51.83922075265632,15.90177034794314,33.674392984119336,23.932763287683084,-0.8535605934288054,0.1047180661609241,0.2430462864633682,0.2829706843232457,174.24622204055584,-0.4156377052057581,2192.07,-0.01842801492296342,0.004733154967625275
2022-10-12,35.03209922,61.3971057280644,44.402211157756255,50.207856447206304,16.215076432469516,34.11129079543443,23.48130120261179,-0.7472844029552828,0.0528523284614557,0.1667236636051076,-1.2185806576448468,165.87462870014036,-1.8055410904704692,2202.47,0.004733154967625275,-0.018143414395920487
2022-10-13,27.02457268,19.12449984164491,40.6146530252667,60.271775649002144,13.390381365976472,23.42653216006866,23.39143144740605,-0.966512299809812,0.138849847273689,0.2972971411210547,1.4671946890460514,195.26977048517224,0.6868352554460346,2162.87,-0.018143414395920487,0.02270965306049888
2022-10-14,41.93271551,92.86878147610356,47.15197424288131,54.97976468747093,12.870509056954148,34.285866283356185,23.91270842753684,-0.5252848172967979,0.0912079098221258,0.2417965020478752,-0.5300782928001937,169.3844384523372,-0.7804264511856954,2212.55,0.02270965306049888,0.0032308602059805125
2022-10-17,43.38257687,90.07543747479832,50.718429227742966,51.81183199512094,12.4525079564187,34.79950115528379,21.667501920930516,-0.9068576897675744,0.143831299290712,0.2880447183294613,1.4450774088536056,143.8552921897493,0.5330624716759532,2219.71,0.0032308602059805125,0.013531437026555793
2022-10-18,52.63385069,93.05500440952392,56.33782181227903,40.216065464233246,15.206392307384847,40.81345306730793,21.80917645396327,-0.9684044713361812,0.1967676717305466,0.3463319595530789,2.8370868925636956,210.87426520783504,2.9284178798698677,2249.95,0.013531437026555793,-0.005575638582319797
2022-10-19,49.02709012,91.9376668090018,55.07249429333321,46.1014114026999,16.74612396682631,41.9634735806838,23.50866220315847,-0.7160716494784864,0.1315509907925154,0.2772648657613192,0.6089880436154927,110.42117437989036,0.1285391770895209,2237.44,-0.005575638582319797,-0.008685889963438775
2022-10-20,44.63246971,86.90964760665236,54.38957691848441,45.6011003319861,20.38140577966823,38.46819088157882,20.13189470850212,-0.9782678701222524,0.1565097036561418,0.3090911718792328,1.6830593639915867,160.2013982501755,0.9755648934833412,2218.09,-0.008685889963438775,-0.0022431805687519457
2022-10-21,45.61089628,78.5296156027366,51.673200414121325,65.22135397967487,20.38140577966826,42.91909138815447,16.73889874244297,-0.9896430825093367,0.1356547529658477,0.2828580518297626,1.111540559683677,114.09610366599132,0.193336248776726,2213.12,-0.0022431805687519457,0.010356824450766133
2022-10-24,52.58938855,88.95809987427621,54.82017465532783,29.556892109662297,20.11570507936362,45.314315765083094,15.461225953646435,-0.508201457863614,0.1106868287219565,0.2904735064489697,-0.2553434454593304,71.17223786434552,0.0688643142531255,2236.16,0.010356824450766133,-0.0004875615978567893
2022-10-25,53.88751479,81.13673667062152,53.5652647551312,29.64933572674347,18.50835113003902,45.1919613788444,13.55105686756879,-0.4006207984696097,0.0680918459233692,0.1945917980630313,-1.231329955462195,96.5081020335537,-0.2232719083352924,2235.07,-0.0004875615978567893,0.00646209405170417
2022-10-26,59.57148703,74.43271106748891,52.059690958794555,39.6183663795096,18.26921685109663,50.84260748755817,12.77061504450636,-0.8355052580563505,0.1717899505124823,0.306377994556498,1.708960354649531,83.35795825235348,-0.0948767976377088,2249.56,0.00646209405170417,0.017284282974867615
2022-10-27,70.61387908,94.7526410714786,56.67758815383264,47.924551037968136,20.527210955357596,57.01612766258605,10.707167052450076,-0.3094853081587119,0.0764599098851384,0.249669918834036,-1.1758592629190932,87.28706000911741,-0.0065459549886862,2288.78,0.017284282974867615,-0.008944187354424038
2022-10-28,63.83588528,91.9531560074315,55.54904261370272,48.59124955764678,22.05709935508794,57.49119005163211,9.817899375763313,-0.5647573457976199,0.198391936281855,0.3260344163011447,1.5861605309953573,83.19937715512098,-0.1489301755393046,2268.4,-0.008944187354424038,0.01105225837792645
2022-10-31,73.87201526,91.20662665701896,57.806277356709856,43.62921222392173,25.565796196067513,63.553941052291584,9.238057974303317,-0.6110130251613602,0.1056361852478782,0.2841634255530076,-0.2268749611630703,70.71967050053479,0.1151392846879361,2293.61,0.01105225837792645,0.01797910956233917
2022-11-01,83.31752614,96.61896444750998,63.81400912357841,46.519163688386286,30.0421747444412,69.55106232330203,20.52311450927354,-0.80550320133852,0.1132574158869813,0.251465362332313,0.2348831662627948,124.24212685710437,-0.0840986852754508,2335.22,0.01797910956233917,0.0007063220394289971
2022-11-02,84.05121134,94.19274405866916,61.41575812098779,51.820192491664265,33.53719155645815,64.70447241006453,10.741494244102965,-0.9714957753036526,0.0960421709981086,0.2224008579014431,0.0233156130107791,105.6455956029778,-0.187507425332771,2336.87,0.0007063220394289971,-0.0033004461983345834
2022-11-03,80.4213112,92.32642068263776,60.84087931899567,62.55938530025627,34.96890608842287,61.35292257429559,10.95022785361689,-0.5491675381312846,0.0882542356729258,0.2406139845444958,-0.6843769976204823,157.0782075786119,-0.7659218870371571,2329.17,-0.0033004461983345834,0.008235038842286713
2022-11-04,86.66754255,93.63284704585976,61.58373191318237,55.684235739114975,37.97701806244888,61.878343061381905,9.525405424422544,-0.5011936873975791,0.0672356745547417,0.1835502036619427,-1.1504134010152314,71.75454772356154,0.4187392473927097,2348.43,0.008235038842286713,0.009897924551186321
2022-11-07,94.61630193,95.6858027594943,63.314807418169785,55.57408035477474,39.86511245133835,65.2461473472025,7.181592825596327,-0.623623931518964,0.0600803155309886,0.2169968778399618,-1.1689458192890254,80.41953605356223,0.1942633795857846,2371.79,0.009897924551186321,0.011423712999991231
2022-11-08,100.0,95.312538084288,64.988390758633,54.19553423723503,41.7270837477108,72.57561919292704,4.983131000614628,-0.9557983225721726,0.0590922628197219,0.1707068682143936,-0.9221923329723606,73.02152632397141,0.4407540484086923,2399.04,0.011423712999991231,0.010519538485818103
2022-11-09,100.0,96.24569977230372,67.14029363539478,52.23402076659597,43.456074728632984,75.02317408939633,4.649135189015784,-0.8978814607807383,0.0503636271940431,0.1710942732460864,-1.221741767330671,123.60588146420032,-1.018895044497636,2424.41,0.010519538485818103,-0.00919072320594605
2022-11-10,92.94572672,96.24569977230372,64.36765558925758,57.93734983623112,43.45607472863301,73.10652728599788,4.45829452853764,-0.580067132302642,0.057790440936864,0.1482857415105,-1.258086657025239,84.50345961470113,0.0741507686385424,2402.23,-0.00919072320594605,0.03313447001716785
2022-11-11,100.0,98.1120231483351,68.61888850369365,47.55663996804763,44.92644091965226,74.96136208423016,4.711886204536419,-0.8726206642167145,0.0875256290238024,0.2304950184013324,-0.278838847661487,154.67524197085865,-0.7636811541610093,2483.16,0.03313447001716785,-0.0034329707502829265
2022-11-14,97.72184305,98.29865548593824,65.87594420804865,56.02510876421062,45.774776311409575,73.24248799974599,4.180545527056095,-0.7021840556008125,0.074194317064285,0.2297885221157425,-0.7222897228816362,70.3792777589484,0.3986668118692592,2474.65,-0.0034329707502829265,0.0022926439614048277
2022-11-15,99.26140795,97.7387584731288,65.18661029177377,45.49765475006989,46.386794765319905,68.66164154644586,4.597015293855408,0.0302712011957284,0.1243574872230253,0.309689412412253,-0.7907900290046923,82.96126017189091,-0.0110217724807019,2480.33,0.0022926439614048277,-0.0011618104570807475
2022-11-16,98.98369209,97.55212613552568,65.93349653505844,28.878166304826873,46.77826393148779,69.82446887365238,4.189591163916406,-0.5078097459055503,0.0135238209252866,0.0775841229839588,-2.034638391551157,81.16838522752077,0.3070079738299143,2477.45,-0.0011618104570807475,-0.014043947224583242
2022-11-17,91.06875814,97.36549379792253,63.56851467587278,35.33797997124196,48.68830738373273,66.81193392373194,3.692060001421873,-0.7696003202121079,0.1052459450618984,0.2758549427262332,0.0711629703258104,85.7590949454245,0.0080361684709343,2442.9,-0.014043947224583242,0.0006465632117995668
2022-11-18,92.05698669,96.05906743470057,60.15899296534507,55.94469339688989,48.85905840358319,64.25189851443356,2.551368991301074,-0.9168875229702372,0.1499426037788884,0.2842848501196606,1.3310161260992095,101.64230093580184,0.2051812846359901,2444.48,0.0006465632117995668,-0.010271514119621905
2022-11-21,88.51482558,95.49917042189117,59.33396365564607,63.42296806056849,49.73014740361197,60.4693948960977,2.6902692896136475,-0.8369711610826644,0.0665572617558127,0.1820985893337066,-0.6838011496603104,91.11082284294254,-0.102803391173968,2419.5,-0.010271514119621905,-0.005898743882613466
2022-11-22,84.76466798,96.05906743470057,58.89061901140202,56.71968920606339,50.65260831506081,60.608472095124135,2.216813157311185,-0.3719311430336507,0.1522846384409516,0.3087052779067192,0.3860667865925488,52.773722505289115,-0.70389153657565,2405.27,-0.005898743882613466,0.005282724464723998
2022-11-23,88.55942851,96.99222912271624,61.503643644910646,61.02868993789351,53.97724745348683,60.748018999252,2.2435684317260014,-0.5182614678326564,0.0935876346682103,0.2620446327119647,-0.4492023292066288,54.08048930716268,0.5050841094664835,2418.01,0.005282724464723998,0.009598084935763751
2022-11-24,93.98765234,97.55212613552568,63.55943405095228,29.283339544362892,59.42925886045247,56.38346169844372,2.8237462232103088,-0.9394931865857736,0.0173476507517234,0.1036059934697502,-1.7538694788751463,111.06555655162516,-1.0501545522577524,2441.33,0.009598084935763751,-0.0014223674769873185
2022-11-25,92.40308665,98.48528782354138,62.496783787652355,36.804132702983814,64.16163886430327,60.19170846286562,6.353849369588591,-0.808506678453897,0.0018298872148938,0.0091706003985499,-2.0215233376170008,74.2091777235039,0.7836662019474842,2437.86,-0.0014223674769873185,-0.012211957885378766
2022-11-28,86.65695278,95.87263996245154,56.1675149575541,49.43564655660514,66.82734112793716,52.42928991145664,7.215631027798828,-0.9867077521591467,0.0856254485165595,0.2800622173380074,0.09394709853523,87.02330860629839,-0.0008838644163886,2408.27,-0.012211957885378766,0.010376699479571094
2022-11-29,92.44463985,97.73691468494174,57.97075432842001,42.21175731613548,68.86766320994326,52.870204378647145,14.92910726678656,-0.5088603834493477,0.0450681128681871,0.1955248581902841,-1.0849081586770706,112.0300606727538,-0.7903082517723513,2433.39,0.010376699479571094,0.015956571022955224
2022-11-30,100.0,98.4826245739378,60.377888100495326,53.81671492806187,69.07924017637245,57.34444601200702,11.13273948991712,-0.7474921285527315,0.0540338018451467,0.1727002510384934,-0.7576662949398241,94.23359293996374,-0.2197701992463252,2472.53,0.015956571022955224,0.0029521240573329166
2022-12-01,100.0,97.55048721269272,62.49894547692168,61.08807989179894,68.07637924731162,58.96262964572304,26.66300380247751,-0.8669357001110771,0.0428542306013003,0.1603700361461748,-0.8969937818425633,146.1058077315682,-1.6697008639321032,2479.84,0.0029521240573329166,-0.018522477297965523
2022-12-02,89.65604439,96.80477732369664,57.00676123447581,60.749534389774205,65.71684259780473,49.381680499786555,26.216582645790815,-0.6890762847664261,0.1399903384350047,0.3400402843369877,0.9444438220004434,106.72174878943125,0.1832485063791253,2434.33,-0.018522477297965523,-0.006185055721154242
2022-12-05,88.41591604,96.80477732369664,55.14889007733391,63.86677343591508,65.93692958205443,43.987730305381085,27.517642703653827,-0.4247868722372824,0.0566145512324973,0.1783932325764283,-0.841748238466895,86.06863112485031,0.0273421674433882,2419.32,-0.006185055721154242,-0.010871840576490044
2022-12-06,83.04724353,95.49978501795351,49.20239111803909,63.95491574929929,65.25925481455843,36.95962270676962,24.802752392848113,-0.5678039494337839,0.0804328428599392,0.2006368634739906,-0.2759792737659483,77.95098908749188,0.1774877086276719,2393.16,-0.010871840576490044,-0.004334204864076874
2022-12-07,80.63467003,95.31335754570448,45.641081507781045,55.77084260843509,64.19362430483984,33.44828536845841,27.113200973629525,-0.7729467326820919,0.0652883741324123,0.1960232684969433,-0.3890735426740735,85.56953643495159,0.0366855300243252,2382.81,-0.004334204864076874,-0.004934915955327135
2022-12-08,81.06136277,94.94050260120645,43.241758526272214,56.892647914168535,62.79333335824826,38.25948607397875,7.5937218437501475,-0.2125131720791283,0.0611651142987445,0.1703859910742695,-0.8649718878002668,74.17954409054717,0.3871997096651924,2371.08,-0.004934915955327135,0.007546064059197555
2022-12-09,86.65543365,96.80477732369664,45.512809928515395,60.55895642594117,64.27354428821366,32.389255020472795,5.480542929858335,-0.9831584317167662,0.0366689083780278,0.1391526149653503,-0.8560805542890431,75.70647047639198,0.4810821940849062,2389.04,0.007546064059197555,-0.006728206042655671
2022-12-12,83.83988073,96.05906743470057,47.24573097358636,52.735680653791874,63.40716399522525,31.473839646410468,4.9369962737057085,-0.6653974435249386,0.0900106195565414,0.23416202208111,0.0747213385130363,72.08456809450321,0.228312093468742,2373.02,-0.006728206042655671,-0.0002613045856971752
2022-12-13,83.94668129,96.4319223791986,49.73584880594394,62.00434470435251,61.94808693697799,31.83892674582639,5.22124862493758,-0.6007057357455309,0.0871224832916982,0.2199060579928048,-0.044530101181308,82.92913928176998,0.0637006901869566,2372.4,-0.0002613045856971752,0.011254087533165702
2022-12-14,89.70979982,96.4319223791986,49.32578115771685,44.46572519709015,63.85728434368505,33.65935170808996,7.300925061222922,-0.5622546925562171,0.0983916151681419,0.3091834534110539,0.1247540298322341,87.53031810005702,-0.0055607592120375,2399.25,0.011254087533165702,-0.01608363697325732
2022-12-15,81.41773001,96.24549490694956,47.38221547061319,64.95087439597799,66.50036640233485,33.463478745802746,9.777256584739977,-0.4437301567285295,0.0652202327003321,0.196451367632282,-0.5375923376432861,139.79592791002526,-1.0776943694481915,2360.97,-0.01608363697325732,-0.0004024579644612558
2022-12-16,81.18805854,95.68621249020252,46.02460619420684,55.54168900933508,67.3385703722496,33.23271992616349,15.044328312908222,-0.9687560429362984,0.0489906691118295,0.1440928562941283,-0.4863449836903654,77.06114029572912,0.3566738543115788,2360.02,-0.0004024579644612558,-0.003331787241930506
2022-12-19,80.18900408,94.19479271221036,45.05485826875239,56.04070102590588,68.74648105777501,35.02828371289524,11.197545553358903,-0.9448143143428648,0.0947869360274388,0.2300875740143468,0.7132846009294947,57.481244678166576,0.4195224811730508,2352.17,-0.003331787241930506,-0.008059017549769898
2022-12-20,76.1516425,92.14409051747116,41.64865910084112,45.27844122375491,70.40927859750636,36.73911023775979,13.124543575303656,-0.7450105331932492,0.027411536154754,0.1300628713541686,-1.053953301361764,127.8872053470417,-1.4924767293718546,2333.29,-0.008059017549769898,-0.0018617665558187113
2022-12-21,74.94849119,92.88980040646724,42.42439900316658,46.932729954095926,69.88936305936005,33.9327355663902,7.66322092877349,-0.7060939117553867,0.0899544468881908,0.2501361708029974,0.3560697809262447,75.97353778811248,0.1647752320644295,2328.95,-0.0018617665558187113,0.011857542764889928
2022-12-22,81.46923345,95.87284437853954,48.082207114673814,35.33861046483174,70.05320845554913,36.12493321088478,5.717469447269354,-0.9808321302214866,0.0661510318163679,0.2100620733042121,0.0563281171606907,101.64329629471472,-0.3473727740444794,2356.73,0.011857542764889928,-0.01843141235460699
2022-12-23,73.26008129,88.7963682444205,41.43114252868925,33.85155096804854,69.45548343001894,33.051581922676014,4.0263424585436525,-0.8003920871747042,0.0826199906893956,0.2331235338510789,0.2983453581367994,122.41488386472768,-0.5239803907762498,2313.69,-0.01843141235460699,0.00149001394492565
2022-12-26,73.73972629,88.6101451882595,39.77090120968851,56.511482210204555,69.66528897171281,37.12634865701149,7.023623407668614,-0.7722827988989943,0.088760340307426,0.2257442252873035,0.4735110736801248,114.1852845041563,-0.3464300411888181,2317.14,0.00149001394492565,0.006731309543341446
2022-12-27,76.92655713,94.01061381692926,45.300117489461414,51.256286108516555,70.98370738608222,34.883327304100966,5.021666778763877,-0.6717903626263448,0.0890667551997634,0.2332987699651345,0.4178215146397661,80.55267328514778,0.0963324689688893,2332.79,0.006731309543341446,-0.02269218421609498
2022-12-28,66.13939211,88.0514760197764,42.717646021044246,58.117396617226944,71.11552213595891,24.481073131206884,3.617886839953292,-0.8025120514297027,0.117160158312365,0.2649930270809871,1.348243712934741,107.71840624962682,-0.0150873967528107,2280.45,-0.02269218421609498,-0.01950536174246409
2022-12-29,57.11211837,75.94697736930966,37.905766744596114,38.97318459263408,68.42741470551356,19.36452462208974,3.2019468739989096,-0.8590565264671005,0.0875153681872658,0.2366670447584462,0.619389237339091,182.554794100221,-0.9844158451569914,2236.4,-0.01950536174246409,-0.004809436285253987
2023-01-02,55.26982308,68.68427817902962,36.30558193074222,64.79551906496982,66.2347520560162,25.60506999024783,3.2924032020981975,-0.9799337702124904,0.0736667417559546,0.1940457570018752,0.4115648796602124,115.65344304688064,-0.5447887721446154,2225.67,-0.004809436285253987,-0.00314556943697486
2023-01-03,55.12415033,76.50564653779274,37.693500392932265,43.42110440974107,63.85728434368505,25.702505258781823,3.9344268142739063,-0.7537950879226272,0.1157644355914441,0.2483925198377014,1.2354137949658537,127.20188526815224,-0.0492999583344791,2218.68,-0.00314556943697486,0.01667204390016508
2023-01-04,65.14211885,91.58971408683593,41.77249709794359,60.447800329016786,62.11109211125162,34.0502361824681,4.709159209364392,-0.9057376093759956,0.169124691350858,0.3142566433259142,2.7685223968592956,91.68166577302834,0.1122080819975984,2255.98,0.01667204390016508,0.003835753260116981
2023-01-05,68.10736755,92.33460631148004,43.608581033750774,58.87147374381073,61.58873168526562,36.97540236613985,8.291402679710536,-0.781403758514726,0.1455787740895494,0.318460403738542,1.7987472568086071,125.18326892259398,0.4125166900709417,2264.65,0.003835753260116981,0.01111849543524901
2023-01-06,73.82796237,94.56928298541236,46.48621298174755,63.46641035314884,62.66368446836131,40.01110503235996,10.551207182314734,-0.6118185364012992,0.1278766859303275,0.2865577784920507,1.040560285582507,110.58174810297167,0.0919784733566072,2289.97,0.01111849543524901,0.025957458907971187
2023-01-09,86.40148484,95.87284437853954,49.5287222894749,79.86834500747894,63.2620861614569,43.43865090552568,14.330655483267908,-0.5503477117000029,0.092414226900321,0.2434744255136142,0.1705895794153187,127.4460199387496,-0.4273499807510889,2350.19,0.025957458907971187,0.0004764436971971264
2023-01-10,86.20089964,96.05906743470057,48.99760395068146,75.71400203889131,64.44914757545142,45.28309667877782,14.97949586900276,-0.3705944588333151,0.0514228683370852,0.1789383185209688,-0.7860385313708997,129.16827693795392,-1.1289549168817583,2351.31,0.0004764436971971264,0.0034898270128209674
2023-01-11,87.38252005,95.6866213223785,49.70720374646448,61.8802937127683,64.75173925587426,45.032344312586865,17.46922463337867,-0.7090684947416013,0.0367078873830385,0.1196257483299333,-0.886412976490128,97.53107773540329,-0.3980177442675496,2359.53,0.0034898270128209674,0.002357857686435594
2023-01-12,87.82474692,96.2452904908616,50.68242823536391,62.48892344102498,63.969518210337995,42.962415447895694,18.62457469955861,-0.5231262977227501,0.0807731462406608,0.2391457727301777,-0.0936340417772257,118.3911694166,-0.4967930669932126,2365.1,0.002357857686435594,0.008835738649790592
2023-01-13,92.44931023,96.05906743470057,53.94365189492335,58.0377637321136,64.84710197594876,49.41258130781961,19.205778484990056,-0.6336152551664316,0.031480048218447,0.1551833690574782,-1.033646838096635,201.36059053890855,-3.1102967151581216,2386.09,0.008835738649790592,0.005754359321240798
2023-01-16,95.84537022,97.36262882782776,53.83074172823631,51.040968069460405,67.35401207129743,52.602709497828826,13.353125957797978,-0.8770986207835011,0.0622392177517673,0.1846284700453764,-0.1582116368408382,91.28234192056492,-0.1157958661970446,2399.86,0.005754359321240798,-0.00856625000784117
2023-01-17,92.33215032,96.43151354702262,52.33503309578632,55.87852070939301,69.44047272798277,51.40133711763767,12.882071592172316,-0.5746378420302356,0.0774273234786749,0.2043138258776757,-0.0553962962110738,126.02406276062672,-0.6501354314424216,2379.39,-0.00856625000784117,-0.0046633092843055834
2023-01-18,89.52274871,96.43151354702262,48.756953099790074,57.866881722490135,71.18863055670445,48.548074493193035,13.473869574464686,-0.9474312879126552,0.053696278603148,0.202741727823114,-0.3137446070436638,122.56705593371925,-0.9459907508424176,2368.32,-0.0046633092843055834,0.005062491596166119
2023-01-19,92.47630696,95.87284437853954,47.7077094324424,62.9773809339414,73.2698385270873,50.06965771099697,14.33199601734936,-0.7967156490993836,0.0698147997874269,0.1914938802362933,-0.0361754919584999,85.13928486194945,0.0440218558001904,2380.34,0.005062491596166119,0.006248449846547821
2023-01-20,95.25292226,97.17640577166672,49.58828868744551,58.25644529586194,73.8024390278673,49.03180760436434,14.33381137676382,-0.6560588758828865,0.0533853885784937,0.1999279104745526,-0.5519289587464101,125.88968521894094,-1.024727776445882,2395.26,0.006248449846547821,0.013810822295757141
2023-01-25,100.0,96.9901827155057,53.355118188838176,32.60921471330244,73.85818407413299,56.975207147878,17.087443530535687,-0.909859353732392,0.0930437309634803,0.2552622696826987,0.6697376565260212,84.36163068338833,0.03315247500648,2428.57,0.013810822295757141,0.016368835752341937
2023-01-26,100.0,96.9901827155057,56.358275942959935,54.823277601981346,74.30194118458397,60.4138935756605,17.012425063660906,-0.9853306495717772,0.1151821492158186,0.2902743972961826,1.383428228887077,107.85962795245416,-0.0331952756907733,2468.65,0.016368835752341937,0.0062067730508319485
2023-01-27,100.0,97.7350749401498,58.653223683114874,77.66719869244871,74.21903624411735,61.70568437684624,15.193820407239492,-0.7091881784734076,0.1026764849511583,0.255834675059004,0.5927788194940709,93.90780878512103,-0.0524144812936958,2484.02,0.0062067730508319485,-0.013598372675593495
2023-01-30,92.80171757,96.80395965934466,54.10769804495735,68.12394627283905,73.5368203176004,62.46028276610096,14.880398933809325,-0.6179805222454723,0.1047228963346118,0.279152338109684,0.4680601283413036,61.300118799219646,0.207994236472327,2450.47,-0.013598372675593495,-0.010415329356995962
2023-01-31,85.54717351,97.7350749401498,55.363632511582715,65.3657657842868,72.20286495771231,63.209843058581974,16.103429180039136,-0.3611783307552345,0.140841482729943,0.3199049923112095,0.8233464678769439,86.99339365951016,0.0002662072526633,2425.08,-0.010415329356995962,0.010141875035428072
2023-02-01,90.87418419,97.36262882782776,59.25120562506311,58.49465489056468,71.18863055670445,66.78368459242013,34.69030854807161,-0.7285395690292749,0.119199954412001,0.2790003633923513,1.008777269899143,79.18131318490462,-0.0014782222462691,2449.8,0.010141875035428072,0.00775821793729925
2023-02-02,94.56185098,96.61773660318364,63.98702353250654,57.60348389141423,70.37968045465432,69.89018645752367,35.00054112869701,-0.7575752947916894,0.0665602849820737,0.225359812286385,-0.3242415219415355,139.1863955866194,-1.041061587461978,2468.88,0.00775821793729925,0.004655230984837999
2023-02-03,97.12110464,96.61773660318364,58.03398434296524,67.05434320038577,70.15726280078502,65.9113435634794,35.759279111455776,-0.3157626767337091,0.1589243973972677,0.2955821411509438,1.0270878837895565,70.49174632911513,-0.3554611741771217,2480.4,0.004655230984837999,-0.01716387673935582
2023-02-06,87.68671816,96.2452904908616,54.65218544283567,69.25807918825355,69.90427477794226,60.072783723735135,33.66714355138066,-0.9798417833403892,0.0572915615032172,0.2214388625799354,-0.3790707462828638,128.22404129746678,-1.0115104320140542,2438.19,-0.01716387673935582,0.00552977952584488
2023-02-07,90.06124288,96.2452904908616,52.124042569993854,57.84865550687055,70.5570651682763,58.27333364611058,32.04416166110689,-0.4944495644287561,0.072370838797955,0.2510456479301916,-0.4684415649370608,53.342867687501226,0.9564438117451748,2451.71,0.00552977952584488,0.012939485751915392
2023-02-08,96.93768647,97.7350749401498,53.936584148071155,61.44917394062405,70.61608424235492,56.996338097775634,13.128134757548334,-0.8451125050518244,0.052920537976558,0.2066271428857175,-0.664804189341328,98.84696993584215,-0.3568109172324994,2483.64,0.012939485751915392,-0.0008539503777642565
2023-02-09,95.97758371,96.05906743470057,55.53224936717782,69.33126570998459,69.32026963299373,56.88131980905643,12.260862121144635,-0.9000491694995988,0.0289583540747576,0.1143752886692241,-1.3614435493763897,65.8030748427091,1.057243193534997,2481.52,-0.0008539503777642565,-0.004762442730194216
2023-02-10,94.39224038,97.36262882782776,53.82827401705037,42.44464596386763,68.53392439016888,56.13872332364522,12.95723043846814,-0.9597494281197414,0.1355928998758924,0.3049532427981309,2.067321204391209,69.40111354047221,-0.1596464949377218,2469.73,-0.004762442730194216,-0.006919374352277963
2023-02-13,91.80198593,97.36262882782776,53.90851752810688,52.042480721095686,67.49285329187104,54.960462115003054,19.933514000956457,-0.5486432413293718,0.0343366145285972,0.154508294370841,-1.203724239061169,111.43046286349542,-0.8860851030810684,2452.7,-0.006919374352277963,0.005261950112033453
2023-02-14,94.19303037,96.61773660318364,52.62189223903356,57.719464909272325,65.60659818770601,54.53264720825104,24.382230704393237,-0.4531766553114165,0.0747623546674305,0.2343907416078937,-0.3699644644491107,97.60178905493606,-0.2149248844541178,2465.64,0.005261950112033453,-0.015424722496158338
2023-02-15,86.93383403,94.9417290977344,43.95850463086211,67.52258950249926,64.5288662355666,48.17840219075817,28.25343260727883,-0.7396417393378744,0.1103573661081292,0.2790470267300263,0.8603983756425677,125.0416279202235,-0.1301932783712626,2427.9,-0.015424722496158338,0.01940763042315119
2023-02-16,95.26314884,97.54885188398876,47.50293687328169,67.69853115896241,64.70402305707155,54.693841994212335,30.66357725004511,-0.8378913804293417,0.1097907706583754,0.2529893440713073,1.0009270065644194,103.57076034099627,-0.0667742980522558,2475.48,0.01940763042315119,-0.009852536420502211
2023-02-17,90.88087446,96.05906743470057,48.62878868720273,50.32528290091002,63.58422115146429,56.8546347677659,31.05930409859972,-0.3440154599514513,0.040800251784476,0.1757658330638436,-1.1764623430305765,133.75620029906577,-1.4224007007018924,2451.21,-0.009852536420502211,0.0015938596986933007
2023-02-20,92.31972392,97.7350749401498,49.87418858576743,62.29925007044061,62.92283736955826,57.99117670479414,30.92668176324422,-0.9038411134560692,0.0874130305272024,0.2486265273883916,0.4778669984742543,90.2867439817151,-0.0497173876498396,2455.12,0.0015938596986933007,0.0015628564376672927
2023-02-21,92.06575878,97.36262882782776,53.23626778059389,47.41616095684048,62.322676825390765,55.27139191256273,29.0233989390804,-0.5006786791344061,0.0986808210334022,0.2633053051175176,0.2077734030270552,97.91751846356652,-0.1010153128609316,2458.96,0.0015628564376672927,-0.01693009366935261
2023-02-22,84.55446856,95.12795215389542,46.58620041326675,62.72568691152824,60.05895092125654,47.051767190310926,28.27820264285847,-0.6149058186148076,0.0844555412898327,0.2487690021068226,0.0306840540507055,135.3933823417376,-0.644319741184925,2417.68,-0.01693009366935261,0.008816616264699206
2023-02-23,89.27015102,96.80395965934466,48.62904581847868,63.32441670775791,58.145959646069755,45.428822266559706,29.167782873790024,-0.2730725705664927,0.0379143969900332,0.148221643843997,-1.250129407458729,122.75806751356534,-1.1805572176579169,2439.09,0.008816616264699206,-0.00636685474838572
2023-02-24,85.92754986,95.12795215389542,44.68781832119604,57.86817516482628,57.17348129444769,39.76887346300752,29.712817373923937,-0.9815106914017664,0.0664749679486367,0.2200924341686257,-0.0233869957239394,127.9574522976112,-0.8559333959713576,2423.61,-0.00636685474838572,-0.00869003137639801
2023-02-27,81.98322027,92.70705242380208,40.60831520156024,56.16402255516585,55.926457420304146,43.464284680524806,28.5001973173132,-0.9375123345292647,0.0347816321395597,0.1517048113536208,-0.8968496256450126,209.8190966564135,-3.139837971347278,2402.64,-0.00869003137639801,0.004240488631254813
2023-02-28,83.2422636,95.12795215389542,44.525550702149154,57.333504386449505,56.533931135349626,49.922225365592894,32.24827087586309,-0.6429054121037255,0.0523434792664864,0.1652589333264529,-0.6013242122306471,90.22592114146208,-0.1033265346657235,2412.85,0.004240488631254813,0.006197470618205081
2023-03-02,85.2137562,95.6866213223785,46.142014034088305,61.027327192609384,58.630376969208264,49.11609534117298,29.781880510250723,-0.9182502280011058,0.0828256724495912,0.2411159603832658,0.4491368867872382,112.9814758754824,-0.3986430750883574,2427.85,0.006197470618205081,0.0017366545377770493
2023-03-03,85.38248373,96.43151354702262,43.56817823764661,54.25437765974138,60.7848020782938,46.680059400967416,28.47174068221514,-0.381510712611612,0.0856472565698524,0.2650150361003681,-0.1437915297223031,86.7815378725861,0.0030174490460901,2432.07,0.0017366545377770493,0.012483077256820962
2023-03-06,91.58572107,95.31417521005646,45.50322872273166,60.810056694597904,63.439377580216885,49.16971329797972,25.301656537724632,-0.7523624004829396,0.1156059763609958,0.2945180036510623,1.3307036761244757,80.02853393723217,0.0113135060516429,2462.62,0.012483077256820962,0.0002963883277180557
2023-03-07,89.99548789,95.50039826621747,45.58295679907881,61.94470840772662,67.27677388788346,51.86203625121446,25.359007491718664,-0.5446847465931826,0.102078431873295,0.2526810565576659,0.6082443648491269,95.26720290536998,-0.0645365666233276,2463.35,0.0002963883277180557,-0.012845255328764793
2023-03-08,84.00349013,91.77593714299694,43.0375995005707,60.57231903150705,69.29018630137817,47.738924368012725,26.08903847110533,-0.4086516353363916,0.0560053712477188,0.1868914052440676,-0.7174610276275412,179.53704214869876,-1.9305596208645297,2431.91,-0.012845255328764793,-0.005285520447627867
2023-03-09,82.17801031,92.33460631148004,40.49344969575245,59.477987644062715,71.91486841661299,42.16035777792992,27.056865550152796,-0.5031288802778393,0.0782508861737895,0.2650090050471114,-0.0507930292159723,114.83523354095162,-0.4772802100867573,2419.09,-0.005285520447627867,-0.010179410163505764
2023-03-10,77.62815343,87.86525296361538,35.842560452178006,49.23622847509324,72.102230262064,37.33401061154728,28.633242664034164,-0.7368364225356993,0.1390457991248168,0.30859755732312,1.9535881212167792,93.7612801573958,0.0642834366456473,2394.59,-0.010179410163505764,0.006663652943027287
2023-03-13,81.02873228,84.32701489655587,34.16218160837528,47.94525234550054,70.61608424235492,38.504433678918424,28.9712287582828,-0.8359728514511212,0.1036662151041828,0.2672257394930508,1.077531149743165,144.3416051870628,-0.3253766590693508,2410.6,0.006663652943027287,-0.025898744968967158
2023-03-14,70.7691067,70.91895485296192,28.00931626734319,39.73912503346118,64.20961329151127,32.3353682969226,23.39269379000755,-0.8591814847688529,0.0943258995954517,0.2662149119352097,0.8036911221315035,154.6603483001998,-0.5976692113160325,2348.97,-0.025898744968967158,0.013005899500463158
2023-03-15,75.622048,89.16881435674256,35.191708769724904,52.74162344567296,61.71952344566153,35.09283176037517,19.49440656566301,-0.7994566031995318,0.1363301349976215,0.2958273205981651,1.8975842007878592,99.2104505410972,0.0974799238029143,2379.72,0.013005899500463158,-0.0007608830814183065
2023-03-16,74.71077455,81.53366905414046,33.040105886068616,42.599439714370526,55.9940261152237,37.90787909095821,18.406187442079663,-0.5051667549099234,0.0406806959091485,0.1937969096920311,-1.1012892895110973,105.72302630580762,-0.6455314348836623,2377.91,-0.0007608830814183065,0.007449338956567075
2023-03-17,79.6619343,94.19683687309028,36.190495389426616,51.78991984109896,54.80922725866765,36.02599347376719,17.806849920150317,-0.4070727406153077,0.0953147001098791,0.2360546587110545,0.0887346228388832,72.34908965423436,0.1826567404741219,2395.69,0.007449338956567075,-0.006906992854997185
2023-03-20,76.17117264,93.07949853612412,36.5543317091708,50.97856012050447,50.68676987329393,33.307378531095225,15.840750156463368,-0.8671934231619887,0.1451805757498812,0.322460392373228,1.6443259179891967,80.39837658995845,-0.0874394857978226,2379.2,-0.006906992854997185,0.0038384542309852776
2023-03-21,77.30357773,94.75550604157335,39.35753543205054,55.345469477120105,53.41592888878136,32.86676883301343,19.5594550160613,-0.6104087575591305,0.1522966771418073,0.3169722236051166,1.2741017356796385,88.17358206281396,0.0194650704493117,2388.35,0.0038384542309852776,0.011907801188207223
2023-03-22,82.29383354,91.58971408683593,44.046922488193175,44.232115885259056,54.19816177389627,36.254221162837645,20.157044128669934,-0.6369414354301927,0.1259974028396074,0.2591954131095284,0.7665677012908596,66.79808693153184,-0.0798254162545389,2416.96,0.011907801188207223,0.0031065162627692544
2023-03-23,84.38764886,85.81679934584409,46.89549378255216,33.10689113094099,57.5764500902813,42.06174630295742,21.57672037585349,-0.5777610153510063,0.1130815776430032,0.2788004536630987,0.4059913287044639,140.3444714109443,-0.1164562703357422,2424.48,0.0031065162627692544,-0.003934344585347915
2023-03-24,82.294053,92.33460631148004,49.686869823571115,56.11635375356136,58.697091956426576,37.59513768507465,23.455859748625432,-0.739304285386155,0.2341095887024677,0.3974631773714747,2.979908705380435,90.04929973851061,0.1696196105923843,2414.96,-0.003934344585347915,-0.0023796801565207915
2023-03-27,80.17393693,88.43228483232036,49.600163077971494,58.28698078205979,63.052195146116965,39.99547940609842,30.08287836052095,-0.2942185922642805,0.2217535058098828,0.4102186703280888,1.291808685033189,69.0820247977068,-1.0000537816744113,2409.22,-0.0023796801565207915,0.010619071910036304
2023-03-28,84.62408798,95.31499108324884,57.7144866212757,33.09717669697659,67.32312570212264,44.646175544940434,31.789605637230434,-0.5100711158095456,0.1868708293370924,0.3628685460078861,1.210992720360724,73.10565175574028,-0.4987618177458288,2434.94,0.010619071910036304,0.0036811919754997646
2023-03-29,85.21192119,95.31499108324884,60.001248982129695,37.0920870274859,70.5570651682763,42.64780202660967,32.302045748806265,-0.7381232735321728,0.1602590727596961,0.3049545034704001,1.1416483356370364,93.73915095753304,0.1313145454419183,2443.92,0.0036811919754997646,0.00377368185339666
2023-03-30,86.23913847,96.98916287401522,62.44112339979942,44.5085535979482,73.81638100084085,42.07435321335888,32.67262677826156,-0.8849346366498646,0.1445970751171324,0.2655214195570797,1.047830588140574,62.10199029896752,-0.3659525915352264,2453.16,0.00377368185339666,0.009614639523277013
2023-03-31,91.18557213,97.5439673448108,63.95108938346359,49.44350306339233,76.55265587975649,46.9430562090223,30.62500299984861,-0.9287628355863152,0.0624630215712156,0.2125243994089513,-0.4154204064567319,75.20116251006365,0.3459659736284566,2476.86,0.009614639523277013,-0.001826558335358719
2023-04-03,88.5373479,99.40009223244856,73.31757637726592,44.496443676429216,79.20886928738821,42.62811581067073,28.076465640657258,-0.7982004430707561,0.2005526160636662,0.3807508263183341,1.83357449512647,96.07211161914294,0.3439999896601495,2472.34,-0.001826558335358719,0.0032991136054159043
2023-04-04,90.02487313,99.2144797436848,76.30755784437613,43.65341891553376,81.10509205523167,44.447222265209,25.370963913310764,-0.8202443249294755,0.155507994240189,0.3040434301121275,1.082517383516589,94.40690760433252,0.127268860149342,2480.51,0.0032991136054159043,0.005908709802086243
2023-04-05,92.09512721,99.58570472121234,79.07925633906603,39.36511782362239,82.00627796243258,48.86933812378857,27.655671029049795,-0.6427519960115995,0.1831319450168135,0.3453403552721683,1.207076558513471,110.88627991343547,0.6610589378878446,2495.21,0.005908709802086243,-0.01452460118127874
2023-04-06,84.06136665,97.91519232233834,83.95383081334309,53.19337478187415,81.81466681746844,44.23523767567692,27.118735729572748,-0.2921754391128722,0.1792203951300959,0.3505007337007035,0.5393562142207533,127.34612330365016,0.9751453407930872,2459.23,-0.01452460118127874,0.012599062739488076
2023-04-07,91.18263855,98.10080481110212,88.90901994958212,60.71003395213371,82.06239201047407,53.8194679335813,28.107496671620197,-0.7788572860148126,0.1995142582570034,0.3242494234690189,1.6234204374097183,100.53109100266222,0.4945217531087821,2490.41,0.012599062739488076,0.008663739676191717
2023-04-10,94.81139187,94.57740612853824,93.13280102669978,67.80339304558596,82.24121654134831,55.5349276427035,27.69925346120716,-0.4601762819930498,0.1481326496784361,0.3224039356001213,0.3112689419029564,112.72008043885046,0.3216289907100383,2512.08,0.008663739676191717,0.014142695912836345
2023-04-11,100.0,97.54072874086287,97.14981275522594,65.47698549881733,81.79204072340902,66.4992815851168,24.032029632875712,-0.2653148782546793,0.0860532203521433,0.2259656483838341,-0.6612466750504719,158.41839683367465,-0.8328894455724049,2547.86,0.014142695912836345,0.0010905169267445558
2023-04-12,100.0,100.0,94.89891930961292,63.47469604630839,81.26679161190675,64.25837965208622,20.77933059286643,-0.706950888030459,0.1496644091954357,0.3217030840546013,0.6735544443036632,181.0507902346565,0.9586718409667108,2550.64,0.0010905169267445558,0.004311177774532382
2023-04-13,100.0,98.89636095202556,86.97934068653063,52.03607545812968,81.66728284069376,65.95084041140731,18.91344916491606,-0.6194562876383207,0.1570125205282703,0.3061071171165531,0.6365949113294074,132.96815611446812,0.6865402323935806,2561.66,0.004311177774532382,0.003830011597691474
2023-04-14,100.0,98.89636095202556,92.61134152356205,46.994469791959794,81.5876146263243,63.23898379825711,20.142785324500764,-0.728048764954425,0.0767210935656743,0.1906947691769428,-0.5534156790066718,123.91330013287282,-0.6310681652500763,2571.49,0.003830011597691474,0.00171737229916058
2023-04-17,99.89143265,100.0,93.96588908884983,66.68060708470091,81.8485729684457,67.88797114785658,20.805844069118884,-0.557363972780026,0.1841578477558604,0.3489754696361227,0.9079547563210592,94.0166250888156,0.2152256269948696,2575.91,0.00171737229916058,-0.001872936238197731
2023-04-18,98.89577335,98.92213505200174,94.028635353522,58.40130046066232,82.35240851286723,66.50079892825643,27.596055853056367,-0.1499590270417087,0.1076948533183913,0.2837597586196354,-0.6868199602218417,113.14366365295189,-0.1239417307057124,2571.09,-0.001872936238197731,0.0015506680888970337
2023-04-19,98.7758109,99.46106752600087,95.20260344009384,50.75726390254632,83.39735857154811,64.37367933451472,28.67751895276071,-0.6127372293448301,0.1626310539832235,0.2753877188883591,0.6525339322275411,88.96455935513421,0.0420099575323943,2575.08,0.0015506680888970337,-0.0046592366783659855
2023-04-20,96.85371914,95.68854020800693,93.01382751446243,63.27792963148862,84.32963282845947,62.565148445105045,31.329778704400844,0.1398272614749778,0.1625921480298935,0.302456757846791,-0.572981779888077,69.49976663910806,-0.4141138824275587,2563.11,-0.0046592366783659855,-0.007326499093387007
2023-04-21,94.17859392,92.81423368001155,92.82991225623626,61.60411277711199,85.13764655578568,62.01016006286917,31.01434416655612,-0.6399846243807222,0.1409916421139422,0.3087745902798111,0.3272774632898862,66.59386700885258,-0.2496050095099284,2544.4,-0.007326499093387007,-0.008248039024332243
2023-04-24,90.84487286,90.83814794201476,93.00244100353298,62.57258150890511,85.75400574532321,60.97275930208937,33.00047338453553,-0.5888453732784459,0.1520988806503765,0.3322190068646914,0.3441330156003866,98.33730389003772,0.1728538830878017,2523.5,-0.008248039024332243,-0.013757768089444511
2023-04-25,84.97751264,91.73636873201328,89.00609218267788,49.561150192449375,85.8981723810037,54.53119891530393,33.45454200641501,-0.9803928715860292,0.2298199570776919,0.3761191886473004,2.3115839605221815,138.6053947630053,2.191092264091248,2489.02,-0.013757768089444511,-0.0016848119630230585
2023-04-26,84.04293592,89.04170636201764,58.68997835554225,65.27095168075519,85.67671064837101,53.49817371106108,34.882642046719795,-0.6204172331719755,0.1396172953890654,0.3029153713716756,0.1059187314097714,83.76200264020123,-0.0329972974531719,2484.83,-0.0016848119630230585,0.004409079069185751
2023-04-27,85.19899248,88.68241804601821,41.71857491243583,62.0339650458199,85.45291178695385,53.32456412065395,35.36989571663916,-0.7692852417264051,0.2728863695426371,0.4071228065989856,2.4233127161123096,83.380223502425,-0.2742405841602167,2495.81,0.004409079069185751,0.0022892188636287614
2023-04-28,86.71668002,90.83814794201476,36.11252226293005,56.670822673868635,85.56023779644227,50.61069639335253,34.55600088395825,-0.7349696971824894,0.2837207218445596,0.4338850947227698,2.365815883933317,85.47117749397967,-0.1210008641554045,2501.53,0.0022892188636287614,0.009096904704226638
2023-05-02,89.90765999,95.50889605000722,57.18852130157113,51.82595159267952,86.18352845761386,54.05823678288938,32.30450046787012,-0.9003239005420444,0.1309867394311569,0.2851073857450815,0.0446118000539628,97.30155721294489,0.0577249852622495,2524.39,0.009096904704226638,-0.009148874250084482
2023-05-03,86.29239124,94.25138694400924,76.80073231937024,41.21314653011118,86.11730013513088,51.08680289386166,29.9516116977563,-0.585448707031531,0.1002558430673656,0.2397333842526814,-0.7652368559117666,98.9156537322638,-0.1010875963138939,2501.4,-0.009148874250084482,-0.0001839139288000169
2023-05-04,85.5748379,93.71245447001012,56.9954051119122,62.70009340278475,85.94600727512083,48.80669735901991,27.86243345909996,-0.9846197371852424,0.1340671846585179,0.3204126782502169,0.1706727312972995,152.29850385944064,0.3618088717426719,2500.94,-0.0001839139288000169,0.004894159325797176
2023-05-08,88.90392027,93.89209862800983,54.87846939814831,49.17568677192847,85.93644911887199,57.35565957094904,25.305699938458524,-0.6355750260200009,0.1754928942631998,0.3403312577812529,0.3061354602728454,76.33488575378158,-0.3120502420265769,2513.21,0.004894159325797176,-0.0012541632892091314
2023-05-09,87.79643476,93.71245447001012,62.36598046237023,59.405560575801786,86.05085594938369,52.00849495661245,23.619433240540125,-0.7988688911894628,0.1128111600883677,0.2727484964940384,-0.4588352811907293,106.442616634748,-0.0514208437702569,2510.06,-0.0012541632892091314,-0.005412900682101984
2023-05-10,84.78428907,95.68854020800693,62.5009540405552,52.48739919740149,85.51151957722767,48.42285650509381,24.962468734130653,-0.5439037905196008,0.1642681074616191,0.2830604195347736,-0.0201249241673674,66.86206193963108,-0.5040374092084214,2496.51,-0.005412900682101984,-0.002209520278311672
2023-05-11,83.67993505,94.07174278600957,60.37928380470944,55.36241623774788,86.25895378558724,43.62517719140712,21.633812073868057,-0.17825265837943,0.1396828107145388,0.3137363517803736,-0.8646325553190776,77.42566247518297,-0.1023644070711878,2491.0,-0.002209520278311672,-0.0062741576865947835
2023-05-12,81.35423052,92.45494536401216,52.410115053603214,52.83397307988974,87.48061313045268,40.72523925686417,23.7449759698431,-0.4442174302010434,0.1533382020269197,0.3286765627428915,-0.3351670686325144,84.90635792645507,-0.0349918703261409,2475.42,-0.0062741576865947835,0.0015863504558861763
2023-05-15,82.45679278,90.65850378401504,42.1481033484763,51.70514894103656,88.391713251295,41.22384633900507,21.931282854611716,-0.0295247461702812,0.2031011298764125,0.3776255658939905,-0.4923514052431259,95.0983341199345,0.318409353152066,2479.35,0.0015863504558861763,0.0003589006387834104
2023-05-16,83.5340198,87.96384141401938,39.419350370243734,35.28953646266135,89.04745084265548,41.05495880484036,21.945750326004585,-0.8992158622235346,0.1422186608859829,0.2939671382071995,0.0802377977131151,114.99854444684912,0.2765581563626586,2480.24,0.0003589006387834104,0.005797117684326558
2023-05-17,85.19708619,89.22135052001735,49.880274061724286,56.75544459013525,90.01807268037996,41.33133348699672,21.67076264768532,-0.2739413052515653,0.1562979576625635,0.3339123411540123,-0.6038425073429566,80.71886813213372,-0.1180321815420142,2494.66,0.005797117684326558,0.00827938925847338
2023-05-18,89.35869596,92.09565704801273,60.05826811561072,64.83754305070129,90.58381698298372,44.82844517786893,24.80593828383538,-0.6144206472805166,0.1756414020705631,0.3272495030890746,0.2676885974789547,89.917861842598,0.0800850459900626,2515.4,0.00827938925847338,0.008861786921158021
2023-05-19,94.9437071,93.173521996011,63.33380440056773,86.27689682842578,90.43919667112036,48.51763333274274,24.505998931242313,-0.6062526929240163,0.1560838074534782,0.3164235818130069,-0.0645622280751036,129.4485107861835,0.6274449036566814,2537.79,0.008861786921158021,0.007572358931614787
2023-05-22,97.42305857,93.89209862800983,72.9832470683768,80.83472706927225,89.74521025529528,50.23797305486847,28.456332175188557,-0.6078020172025373,0.1563417770700401,0.3460229104823659,-0.0704719162817246,84.2421956684445,-0.050482682925992,2557.08,0.007572358931614787,0.00408615434395454
2023-05-23,98.26491181,93.89209862800983,71.75912659444799,69.72217296094851,88.98309990598017,54.49522938427288,27.44492208948943,-0.5615943478273276,0.1635235828519709,0.303338441319627,-0.0034807551831877,78.51132862554202,-0.1931124877295116,2567.55,0.00408615434395454,-3.894839338336453e-05
2023-05-24,97.21922238,94.25138694400924,93.88776030420271,71.00085288712526,87.856055776776,56.137376434357755,30.171872044162853,-0.6142915974073603,0.2073844822832558,0.3332941693635308,0.91770188744774,69.57144826983533,-0.8340988540022851,2567.45,-3.894839338336453e-05,-0.004982302863832722
2023-05-25,95.49792129,92.09565704801273,81.51205853544053,52.91701104037109,86.48354065566207,59.45739163146535,31.42285959919031,-0.874531726104962,0.0869281484765956,0.268581526481547,-0.9796097936228728,123.0446300707046,-0.4685729876660677,2554.69,-0.004982302863832722,0.0016114210976923005
2023-05-26,97.6023975,89.9399271520162,59.12527478783187,66.31327524646106,85.69606092618872,62.310137657342935,27.42990835621392,-0.4384492050433775,0.2477204987933525,0.4402329515552456,1.1392892721586296,86.21951141351279,-0.0471095834626785,2558.81,0.0016114210976923005,0.010384341603787206
2023-05-30,100.0,90.84069192246572,61.16499156869426,66.0813957553584,85.64765209545146,64.65523142076071,26.842382863290226,-0.6028582805326687,0.1555381602191055,0.331421353674129,-0.0284872593910562,95.92651267186692,0.1521698394277268,2585.52,0.010384341603787206,-0.0032541519116771056
2023-05-31,96.69228943,88.51293873700217,55.23774660127919,63.06457269527144,85.41375146486597,59.761334197153914,32.1382402507934,-0.8043284147993407,0.2174970966941175,0.4033883567549542,1.512178391643764,112.5984143372705,1.0783837720803957,2577.12,-0.0032541519116771056,-0.003089606813454715
2023-06-01,95.13737916,91.918749580124,62.82220981002629,53.5164797325836,85.91731957307296,56.95882620483461,38.341577497152464,-0.4749991609207654,0.1404696288588016,0.2957189565944486,-0.5567850346342121,69.13792722085579,-0.2095475606026863,2569.17,-0.003089606813454715,0.012451495646689459
2023-06-02,100.0,92.81501559147183,69.69534830541306,64.26851429930271,86.95239449302122,62.463296138665825,38.15163373043475,-0.2119718301595982,0.1276544916820393,0.2963571692026437,-1.1065106666101108,80.90209684107937,-0.0269615820852604,2601.36,0.012451495646689459,0.005386487796409156
2023-06-05,100.0,96.04157323232413,75.00533089789201,56.15595585071715,87.73469770682868,64.93193245649535,37.66162771359911,-0.5395468756371489,0.1853638530041371,0.3725176119717919,0.3922603867400159,113.3827379932986,0.746762937091507,2615.41,0.005386487796409156,7.264371510729006e-05
2023-06-07,98.85732385,94.60754761416756,72.95042354073789,55.39791116709496,88.64904372060988,61.4007059649751,37.401523928621934,-0.4228172332697069,0.0759612814075958,0.2097056153549325,-1.4908010735488997,69.77178658942924,0.398544334706035,2615.6,7.264371510729006e-05,-0.001817677891422953
2023-06-08,97.98282061,93.7112816028197,69.69065447884273,55.57476767743227,89.72989377925403,62.922914265863504,36.78346059975688,-0.8694122556632089,0.0932747630937038,0.2694923707202066,-0.8022952167034696,91.24673440737786,-0.0518659848152747,2610.85,-0.001817677891422953,0.011542375778809344
2023-06-09,100.0,94.96605401870669,75.86059375689712,35.63888350798525,90.61254636938918,67.59600394560738,22.776363353432103,-0.9278856604271936,0.1424041956060483,0.2893873924723656,0.3001932887933434,80.25454783645817,-0.0800099909156688,2641.16,0.011542375778809344,-0.004481547237840999
2023-06-12,96.94815185,91.918749580124,74.36519570587278,48.30687750773938,90.97319195421947,66.53719657132936,20.555910158060144,-0.8327361265836273,0.0510782391678637,0.2030445329392519,-1.6022007872289117,63.6972812260467,0.8897705061149667,2629.35,-0.004481547237840999,0.003265433008126095
2023-06-13,98.78967464,92.4565091869327,73.68248254993348,66.51497988575059,91.19416402500558,69.39393903329622,24.964385968981706,-0.4639689542926989,0.1074927858721561,0.2753940680806877,-0.9282018525553782,71.7773649522272,0.0918408379059071,2637.95,0.003265433008126095,-0.007178989293672444
2023-06-14,96.35322956,89.40920474835002,63.552979716275495,65.55908976814581,91.30312601404792,67.09058260643971,22.98492756100945,-0.9046641745966866,0.3159948405552272,0.4245924315164998,3.397859052836221,106.12525222108624,1.6604226475089463,2619.08,-0.007178989293672444,-0.0040324332228243165
2023-06-15,94.25205641,87.79592592792388,55.55528505724692,66.3754606605863,91.4312064891346,66.19278222096722,19.18779537796182,-0.8512051901518332,0.1976743979592896,0.3661853087677328,1.0871878207777077,160.44523883454434,2.0463643872457995,2608.54,-0.0040324332228243165,0.0065911253012975735
2023-06-16,96.3127954,92.81579410700832,69.56151398177914,66.3096134574635,91.45129996282166,66.2085725349678,17.37488896737609,-0.6304540145081031,0.124947704743297,0.2937467736093972,-0.4560677128340641,102.25072578125666,0.0419080150811948,2625.79,0.0065911253012975735,-0.006223171046125131
2023-06-19,93.54200411,92.10033832900297,81.11007020504785,73.52992079907396,91.518023363877,61.29279303313188,18.68270906061608,-0.3617986563283574,0.1518837916443567,0.3228977345565307,-0.4852311567411537,64.67898227201631,-0.4128715491173958,2609.5,-0.006223171046125131,-0.0017605064371668533
2023-06-20,92.53442537,90.49056282849088,84.64790749808972,69.56378940924685,91.99968936921616,56.853458171309214,18.042508787455176,-0.560768597348309,0.1980839781681885,0.3762237193914989,0.4749105245739792,77.00419102471203,-0.4072619276475037,2604.91,-0.0017605064371668533,-0.008589866100488841
2023-06-21,88.40637986,83.87259688194126,77.78991967953908,64.55452773466051,92.11995810605646,52.725940337142255,15.708457472713311,-0.8503597420230438,0.1858585442911632,0.3157151856273403,0.7832804637445471,61.97083691600437,-0.9578511617793511,2582.63,-0.008589866100488841,0.004277168138957066
2023-06-22,90.11464635,85.84010027145602,68.92360739613567,66.48123574154184,92.1262498849219,52.61860732383755,18.804761796669546,-0.5123446792939508,0.0969184455709994,0.2457288645901115,-1.0467726908911243,64.36239034988115,0.2781542170360224,2593.7,0.004277168138957066,-0.009140619046661413
2023-06-23,86.53424214,79.75872615841043,42.39166930812788,62.310411420502454,92.18270469871106,51.04700142017297,19.13258711631556,-0.6131260624860329,0.1584424673260927,0.331160996530404,-0.0169202534760226,77.69119585536217,-0.1887162217564645,2570.1,-0.009140619046661413,0.004696940102510538
2023-06-26,88.51919783,86.19782816045868,28.445955727175058,67.46648957160902,92.11366251860986,51.34976784077958,19.290211612755662,-0.2473234170531282,0.1406461414725362,0.312019024101468,-0.7650031694237339,78.73017351197345,-0.0917069540414723,2582.2,0.004696940102510538,-0.00031373521392819015
2023-06-27,88.12687614,88.52305943897613,33.48998774152796,58.52082549196512,92.0124142159018,48.97375594055813,21.240564228752618,-0.4533474317170133,0.1503277637535076,0.3388385726404869,-0.2985983612146976,56.09965798273508,-0.5819166831212307,2581.39,-0.00031373521392819015,-0.006685374267499711
2023-06-28,85.45149744,86.91328393846406,21.75704453291057,61.643666472138555,92.1764471451954,43.98374014553853,22.943510245116805,-0.958439749904098,0.1038715263262632,0.237426092042824,-0.4337564931712628,78.6696365307823,0.0633430218367732,2564.19,-0.006685374267499711,-0.005541437000220917
2023-06-29,82.09642685,76.45819922566778,18.435153301590685,54.700706019487136,92.36867090752403,46.02233215291511,22.29938969786317,-0.734346278940655,0.1275720853079993,0.2696354931503741,-0.2085783309070998,68.52141226412026,-0.0879725856901364,2550.02,-0.005541437000220917,0.005576535187403309
2023-06-30,83.71619681,87.67209691432726,16.869195482659112,60.19937367648674,92.64128192102162,48.0322897464526,17.36476772837958,-0.3361849310123097,0.1251573513591696,0.2911977419972122,-0.8030698161019397,92.66085095748552,0.0169663549135977,2564.28,0.005576535187403309,0.014783256598788874
2023-07-03,89.69487223,90.47557133649214,40.01680608278815,56.26648773206423,93.0675950756139,48.14504944439275,16.442185627066166,-0.5156918105779884,0.157573171506544,0.3152455823582947,0.0247652356324246,73.56088356873927,-0.2738675583602375,2602.47,0.014783256598788874,-0.003525942010616845
2023-07-04,87.31710141,86.59383752118693,53.608602524485626,58.63192358622541,93.57208182961332,45.752783727595734,12.646417312651517,-0.658149534059587,0.1399033158901263,0.29262325741078,-0.0775474542181467,82.07864320625876,-0.051522759828334,2593.31,-0.003525942010616845,-0.005533325153200153
2023-07-05,83.62097663,81.20254055548526,48.273606393528304,58.48300120432776,93.95576594146512,44.51593776063466,14.970134081345511,-0.3523627401660991,0.1311399484781085,0.2864648978030531,-0.7051256906190161,57.6088340966821,-0.2137301466095777,2579.0,-0.005533325153200153,-0.008844738290899379
2023-07-06,79.58716631,68.04777595917318,22.73692447273484,46.561065210526934,93.93007130516136,42.31149009717147,17.015032398915558,-0.5832347600097038,0.1552331838223442,0.3173053838524787,0.1101641139822433,73.33902887965844,-0.2619651901931532,2556.29,-0.008844738290899379,-0.011638927373425645
2023-07-07,73.2352778,65.02864965838025,23.064406369390216,43.80185546283711,92.83641791479248,36.09003528935793,28.706692219865484,-0.8310347380142559,0.2268831195343876,0.4196812554325765,2.0194279697994406,72.75126493047203,-0.8141921114168315,2526.71,-0.011638927373425645,-0.0023814205068770633
2023-07-10,71.97909547,79.69297740508878,28.951486913845265,35.158250247226405,91.65687030907554,38.639075270741614,31.302149345633957,-0.4807871835804783,0.2207017729765097,0.3354873084964963,0.972017678265754,97.17390330586242,0.4779581480695191,2520.7,-0.0023814205068770633,0.01644280128988207
2023-07-11,79.43206242,90.47557133649214,37.49151074529406,45.46039358855531,90.59100540313077,40.870141395672526,37.11216342970605,-0.963521610800708,0.1041804478280583,0.2799372346293091,-0.4123076576371801,64.51303407676185,0.1845128920038919,2562.49,0.01644280128988207,0.00476134832134445
2023-07-12,81.07348402,92.41643824414474,55.815560538298925,48.76139531020148,89.55255806960373,43.59765663668323,37.3270034223009,-0.8506729063453989,0.1705540268942164,0.3209348406463196,0.8234449978853506,64.14957833991504,-0.663951284848352,2574.72,0.00476134832134445,0.0063918761161518844
2023-07-13,82.98036758,92.6320901227728,57.85018511808274,51.86074236381195,89.34156311678909,44.498892629125294,37.29873364244553,-0.7533023201201386,0.0200775896657699,0.1097626605752177,-2.2077610787768136,92.30161114710616,-0.2484365073857349,2591.23,0.0063918761161518844,0.014204582902906715
2023-07-14,90.38924305,92.41643824414474,51.79384412482193,22.718075604422395,90.39549348545007,48.09204496880068,35.86537924674311,-0.6172202635066629,0.0976436556197428,0.2843177303142974,-0.8676431293129441,88.6607016471601,-0.0172521532431225,2628.3,0.014204582902906715,-0.003544683832715556
2023-07-17,88.42470486,91.12252697237632,49.81462201681625,50.83514594896186,91.39091349984685,48.62216228122078,34.727303358937185,-0.4470428800615215,0.0506637004519322,0.1759794025248471,-1.6841146141036087,98.27603280657397,-0.3523214181300242,2619.0,-0.003544683832715556,-0.004354637598721567
2023-07-18,84.91790398,82.49645182725367,24.147284839094013,49.168197067376454,91.88447520349146,47.011804312554474,32.376775524841584,-0.8466047038769013,0.1900279013983339,0.3230472805444704,1.1958904609410153,74.05604432595507,-0.483120234352121,2607.62,-0.004354637598721567,0.0002377364434318352
2023-07-19,84.26335142,77.75211049743619,10.208742117461384,50.93956859771408,92.41768876503524,48.877965705771985,34.05170223283764,-0.8252782738927944,0.1490853678385039,0.318708824885136,0.3697783124527894,134.50862879756303,0.5588052262053398,2608.24,0.0002377364434318352,-0.0030757617168788443
2023-07-20,82.02581656,81.20254055548526,9.567947675433356,55.133933187396025,92.43600851186208,46.31566771950161,33.43849986992787,-0.7572703596697379,0.147174090622308,0.272389539088992,0.2252972008298087,66.94274814526905,-0.3129897123156258,2600.23,-0.0030757617168788443,0.0036583604301769768
2023-07-21,82.66635441,83.35905934176594,7.391619128399148,51.178305603374206,92.33791251980384,48.78370839109771,31.02747881819419,-0.5043383162510252,0.3477675475197522,0.4870773007903273,2.723983245506832,49.932050194414025,-5.34779250132544,2609.76,0.0036583604301769768,0.007166491482274218
2023-07-24,84.93426493,65.24430153700831,3.39206175303488,53.95401719695512,91.76150661652338,49.74720714581804,32.50572940557549,-0.7528948541971148,0.2189196075284715,0.4044165879650582,1.3136693553328098,89.13055644698991,0.1038797338986755,2628.53,0.007166491482274218,0.003012353678386148
2023-07-25,85.42565203,59.4217008140505,4.525750353317461,43.64126663034103,91.08418741752682,50.839513568904025,33.169262132724185,-0.7325070766633729,0.2409050137751088,0.3983980694336547,1.603574585041109,91.79582574627815,0.2787641807079304,2636.46,0.003012353678386148,-0.016868450509495148
2023-07-26,79.34742315,33.11217162142634,0.0831560043639162,50.426268086582304,89.91259654624669,48.6669067389839,30.75051009179743,-0.9518418483753254,0.331416816230447,0.4183012234817033,3.327848610783014,184.20308382992928,6.764949094969585,2592.36,-0.016868450509495148,0.004407099279783999
2023-07-27,84.79081458,87.88774879295535,0.513447393934595,51.20599711022277,89.38871467510101,53.18491854861659,31.284163399842377,-0.7860733919611119,0.199996182742719,0.3526950136098569,0.8513603536342909,193.322587882927,2.749702923259613,2603.81,0.004407099279783999,0.001730578909422853
2023-07-28,83.63606962,91.98490059114172,2.524158695389361,39.61548501324279,88.74755532619758,51.93312142262426,29.85462777143872,-0.5506607132556446,0.1462570643339977,0.313346041561267,-0.2495237800543768,114.25731382290436,0.3167875045839056,2608.32,0.001730578909422853,0.00925801800401338
2023-07-31,85.52797159,96.07784226588416,8.667999899210166,52.77124266217719,88.67372908463322,50.38359441375636,29.470381720367804,-0.720701310341731,0.2125844887901701,0.3620419316901112,0.9016889362880082,72.62272289242426,-0.7134444143650666,2632.58,0.00925801800401338,0.013016137646629566
2023-08-01,92.4021212,95.00075235147828,12.505492949658509,51.484780577795505,88.69016470336415,54.81578047033372,38.26512028027446,-0.7739355390737993,0.2010824797279003,0.3488076980013,0.7983625262106725,99.14233549986214,0.455710148582519,2667.07,0.013016137646629566,-0.01915441050865674
2023-08-02,82.47325371,93.70824445419116,16.821858779976456,30.71117720221734,87.99371407517228,51.68906586795578,37.81865174969283,-0.8569268622250333,0.1787417168099228,0.3443211533748937,0.5681127273316452,119.13981899901682,0.7982006914375848,2616.47,-0.01915441050865674,-0.004243704974217444
2023-08-03,79.24358793,93.70824445419116,19.81166618100828,54.612181187443674,86.2118459704838,52.08858685872006,36.623392159224416,-0.5424455980176787,0.0938949845420969,0.2252370691458032,-1.003286928627205,88.36969369835315,-0.0168407144138263,2605.39,-0.004243704974217444,-0.0009945874530323806
2023-08-04,78.68784213,92.84657252266643,7.876518623535706,45.65036365998283,84.84802017882139,55.438265049948534,36.71492718136456,-0.6819115000000012,0.1899791616066458,0.3720440142148414,0.4588884260586679,82.8590686352882,-0.1455001010802373,2602.8,-0.0009945874530323806,-0.00852323376558406
2023-08-07,76.35146733,94.35449840283472,11.09872922074323,57.41699876553786,83.29041336379484,53.019041660594254,37.715762363528135,-0.5931578918917242,0.1370186122389828,0.2932411833314777,-0.4312020019972238,72.99187024867902,-0.1345403418179257,2580.71,-0.00852323376558406,-0.002611215737129413
2023-08-08,73.83702234,90.69239269385464,2.6525821534556573,48.53752116795569,81.81466681746844,47.229614491054654,20.17715674198093,-0.640564561437702,0.1884543230884068,0.3611161032122736,0.3402021961229761,117.75921678402388,0.8931957305353562,2573.98,-0.002611215737129413,0.012025400267497766
2023-08-09,78.58849182,91.98490059114172,5.262357938613439,46.15941620398827,83.15072208745885,48.64541023801629,20.109379657874666,-0.9871903337621992,0.1544442582327173,0.3167752239316385,0.2946107108713169,52.4530095069517,-0.758433112952717,2605.12,0.012025400267497766,-0.001367474304071692
2023-08-10,76.87405377,93.27740848842882,10.677668462274047,46.82188789844099,85.09791962347973,47.50266435512758,20.411876525806058,-0.7906908366552472,0.107060549286012,0.2768881829902022,-0.7127815150707911,105.35346940580666,-0.0954516586834283,2601.56,-0.001367474304071692,-0.003967021197657239
2023-08-11,74.71861924,94.78533436859708,16.03979972386541,37.25146980764231,87.09714009512075,41.920117144140654,21.500623581854526,-0.6263107400473483,0.1218234310518271,0.2968656576694223,-0.6839381461360567,98.71141077007064,0.0160492663747883,2591.26,-0.003967021197657239,-0.007899880879281618
2023-08-14,70.99686813,94.56991638571591,26.10133670434425,58.95350013845525,88.45851416076698,41.79519354708116,13.750742956237827,-0.6477064748931999,0.1152357498387563,0.2647541702945463,-0.6825339482099952,96.02581295010384,-0.0150423808892536,2570.87,-0.007899880879281618,-0.01774986706552184
2023-08-16,64.11951314,87.03028698487454,24.845919248884,55.170112256673434,88.66550488877915,39.1614440069025,13.950471315047867,-0.7551744653367984,0.1378292878516575,0.3035380273275374,-0.2090920299145062,66.6128599608775,-0.2137645204773815,2525.64,-0.01774986706552184,-0.0022951200147476314
2023-08-17,62.57533313,82.93734531013209,22.531018927617275,47.39319144573332,87.45412026072172,40.31514230274687,12.78222749770013,-0.4381706081139025,0.1462355945722748,0.3034359579174706,-0.4791216418356037,107.77494793840869,0.2487230085281764,2519.85,-0.0022951200147476314,-0.0061102621266613255
2023-08-18,60.09401136,83.36818127589446,23.740675924668952,51.784504022015945,85.56996817678797,38.95753055883874,12.630895206594133,-0.8227298388749676,0.1845460285084968,0.2862569981836293,0.7084092871734579,84.30889154164738,-0.0862392213752696,2504.5,-0.0061102621266613255,0.0017154373584169491
2023-08-21,60.57223831,86.60505235344495,22.678475305189945,49.057283018945746,82.90174229567677,39.10834889749603,10.102381622111045,-0.6989134025748669,0.1502203232770552,0.3169131489796931,-0.0387592096395256,52.99705886734096,-0.6549004696540607,2508.8,0.0017154373584169491,0.002762443691687544
2023-08-22,61.64401723,83.59246803813585,30.33407173927487,27.754677383362587,81.57621588586545,38.76146935000024,10.93607268325816,-0.7041129623144081,0.0934798660991197,0.2258317571848997,-0.9369649296917336,88.76169899377362,-0.0218629791636633,2515.74,0.002762443691687544,-0.004078679447997224
2023-08-23,60.82244453,84.23802181998781,38.87907779653198,49.13443719970443,81.78072107944784,36.820053506269375,11.704781880095169,-0.5105011838108933,0.1200013430650359,0.2667647691065027,-0.7055853194606243,85.35669582845044,-0.000928371681936,2505.5,-0.004078679447997224,0.012761962395018145
2023-08-24,66.91218522,87.6809753231982,50.18946874664356,9.788082890644583,83.56754882397104,43.815607732823445,10.877634265393796,-0.496467038225022,0.0561806632448273,0.1972970073627469,-1.5641640029074275,184.29174835269143,-1.994781992850028,2537.68,0.012761962395018145,-0.0073327043764024324
2023-08-25,61.9934332,87.6809753231982,55.71078305650427,39.37912456751873,84.77755192398571,38.38950606755602,10.300283349230371,-0.2625933510535713,0.0865574757018252,0.2284003369337201,-1.3051971212584033,114.7190495245696,-0.3781886535717484,2519.14,-0.0073327043764024324,0.009588126905430983
2023-08-28,64.89274095,94.78206692356964,72.56037703019787,33.185932580560376,86.56710823025303,39.26573169396983,12.176787534763326,-0.4403847996540523,0.1253039043453073,0.2934752973073887,-0.6345422601718018,87.85875707322576,0.002787715557812,2543.41,0.009588126905430983,0.003434359100312534
2023-08-29,66.33407002,94.56688232961898,71.61214610004775,36.248492871377195,88.19813334096051,38.63288102630128,14.04549650423444,-0.7567247042734974,0.2092199133846971,0.3450702576458939,1.0426162756421162,70.91060758247392,-0.7787552288467083,2552.16,0.003434359100312534,0.003543648029626034
2023-08-30,67.70467001,94.78206692356964,68.18798566832996,28.26491122653534,89.74521025529528,35.90435180516554,13.409114282561308,-0.7248520635356539,0.1038340201621278,0.2476825727990376,-0.6679676664024031,120.90402461592618,-0.2090802004261372,2561.22,0.003543648029626034,-0.001934542732379363
2023-08-31,67.25009266,93.70614395381638,63.494315494402656,60.581806050151386,90.60537009536822,40.3881915073439,13.057598199158168,-0.2699104182554169,0.0917134732874919,0.2648678757003055,-1.2081831561658252,60.150416229751784,0.4214342385844202,2556.27,-0.001934542732379363,0.0029062633981959962
2023-09-01,71.76279417,91.76948260826056,56.70973647267266,42.32706614102504,92.17018579348309,43.61613861516063,33.21070658459293,-0.0854893721016596,0.2257292639488977,0.37457111636793,-0.0541958321244418,90.79586800738262,0.1946038845261396,2563.71,0.0029062633981959962,0.008095983431140041
2023-09-04,75.23256821,91.33911342035924,56.626580213778354,43.162748513029605,93.1753710672418,46.23261891736079,30.234471982230712,-0.4578943977678922,0.1995977264700528,0.3337040127746618,0.3487096832203876,59.52746714638992,-1.2908062130345683,2584.55,0.008095983431140041,-0.000917408173534362
2023-09-05,74.030082,91.5542980143099,50.7272229196607,53.71975494306992,93.75833832051384,47.97965284950522,29.515840937455938,-0.2238552001223653,0.18711232528419,0.3605310077242855,-0.1786849294540718,60.0605346872792,-1.0656827712812746,2582.18,-0.000917408173534362,-0.007322907768754661
2023-09-06,70.50594509,90.263190450606,47.82691813106551,44.138080081683846,94.06275508198524,48.51476287273269,32.315051291767745,-0.4556114336345165,0.1405975037736115,0.2956954258733428,-0.4042297811603419,54.658081188592426,-0.425964730407308,2563.34,-0.007322907768754661,-0.005900322305861572
2023-09-07,68.76844761,83.16209885023454,30.36536219957894,57.55059529215482,94.10815059507212,45.03364110166517,36.478655513333194,-0.327998418553753,0.1688423442008461,0.3479485152831437,-0.2190566052484603,111.93400626340456,0.5340873957193393,2548.26,-0.005900322305861572,-0.00022763219445476324
2023-09-08,68.03396657,90.6935596385073,37.355461789912354,52.27769040708027,94.17324056399404,44.89621678718631,19.74496967294996,-0.2822111189312755,0.3357231592558921,0.4339521606957861,1.6090573776132902,40.13732784721287,-7.046506491182479,2547.68,-0.00022763219445476324,0.003604624085735253
2023-09-11,69.35904479,93.06059017196444,40.36944514916262,51.87711764315944,94.20805429732054,47.33564946475244,21.729951475300336,-0.872324529664941,0.2288689861993953,0.3868303715380924,1.555548330600601,62.390576779871395,-1.5412014567368828,2556.88,0.003604624085735253,-0.007971048161501848
2023-09-12,66.29242033,87.89615991714885,27.84339476434907,60.27573962868372,94.21797098937706,47.16222495358779,18.90368595827597,-0.8430285894293041,0.1798481504963768,0.3478610341115645,0.6546953358320089,53.59201998424843,-1.2443856671315567,2536.58,-0.007971048161501848,-0.0007414302054398192
2023-09-13,66.60835935,84.66839100788911,28.39411871666756,56.82653886775822,94.128238760485,51.63265614794109,17.436706221669528,-0.6508225019869376,0.1137270942207602,0.2766816672100756,-0.6469377969455434,72.84311539097183,0.0381547096909586,2534.7,-0.0007414302054398192,0.01495449388918857
2023-09-14,73.2504966,91.33911342035924,37.16887581087306,42.10193468497216,94.45678505741776,55.215057790587494,16.685503816318604,-0.7698611633152955,0.1124732670385792,0.2795081253852201,-0.5444038489671652,95.87746507282938,-0.0261983438228762,2572.89,0.01495449388918857,0.010973850842109556
2023-09-15,77.9946955,94.13395142036111,47.672338328546424,33.888072444647335,94.77064270287482,60.70233644633668,14.75301142519532,-0.4599736802057066,0.0623143548657332,0.223692413776496,-1.5329114605138483,104.4795878064722,-0.4385161152721948,2601.28,0.010973850842109556,-0.010262841236838405
2023-09-18,71.86128335,93.27414457959728,40.79660645368799,37.173202905213635,94.57087887040151,56.9350362239296,15.5443753525673,-0.9577937269761406,0.1831541443168311,0.3181399671535957,0.9124369619457334,93.51396665412877,0.1973345187543563,2574.72,-0.010262841236838405,-0.006042173222610359
2023-09-19,69.06635403,90.04986892673284,34.46258129101748,56.21688793256774,94.30662161252332,54.20367402945313,15.60086615557935,-0.7808884306698732,0.1175400847277556,0.2692516746855952,-0.4025120297848958,58.26062521628765,0.0217271202271977,2559.21,-0.006042173222610359,0.0002070737170294379
2023-09-20,68.70701088,88.33025524520512,29.63741428422803,58.34063232982943,94.11317768465608,55.13342596744213,14.573889891244134,-0.2681981988834585,0.2025786671304313,0.3535542295309665,0.0608994168553604,73.91626833819281,-0.5749538393527677,2559.74,0.0002070737170294379,-0.017644815782515977
2023-09-21,60.83978976,79.94713854775759,18.63947788912371,65.2272729603911,93.0732999896587,47.790496741117366,11.696207892877352,-0.9557391580239758,0.0275100839134222,0.1175902079628843,-1.784855820560452,116.06951495906618,-1.1154965127119332,2514.97,-0.017644815782515977,-0.0027234194930212396
2023-09-22,59.27694952,79.94713854775759,19.81664021297783,45.60531435488805,91.5644968913308,48.87349485025361,11.740478237908375,-0.668725998221857,0.0651248289633114,0.1936949523587753,-1.2346890315137145,87.91136131051243,-0.0244717212792003,2508.13,-0.0027234194930212396,-0.004944163520163691
2023-09-25,58.48348637,75.00324921336544,18.257253316121837,75.65331494120669,90.70547002814445,47.60535572976273,14.301552984096125,-0.686586951059839,0.1541562532534738,0.2939184571675176,0.3489800405490259,93.32530732089452,0.1053614064278841,2495.76,-0.004944163520163691,-0.013225353241694826
2023-09-26,52.07447383,64.9005188343902,10.239404175443934,46.99433459087675,89.36515776708602,43.5221376209083,12.807819550366096,-0.6714182304968325,0.0673500387501005,0.2082003035537685,-1.2598877763904976,128.46442316282491,-0.8502594414742694,2462.97,-0.013225353241694826,0.0008522658611180844
2023-09-27,51.71449191,84.89102788214973,10.359535931517373,52.56979927956823,87.66496950236933,41.95560594750462,11.77211088072566,-0.481782371655211,0.1482744837983887,0.3227642941908336,-0.0859664764495198,117.20498274136897,0.3718725103208454,2465.07,0.0008522658611180844,-0.02438343996133696
2023-10-04,41.93321123,53.937981614651086,4.078059353254762,32.700320974201745,83.68389612391684,40.63670187907609,10.742218851457146,-0.8420098113211656,0.0772525477292985,0.241045323586382,-0.7677559032363281,199.9208429579315,-1.4677138128755662,2405.69,-0.02438343996133696,-0.0008691512184002548
2023-10-05,40.79996996,60.20574110359234,3.3532349030545814,42.29772160009126,80.12888975373046,37.13329692179389,11.468507150298766,-0.8095632526970238,0.1952480952275478,0.3478725178363364,1.59509701115432,142.0699248876767,1.5886908099676598,2403.6,-0.0008691512184002548,0.002132024172578184
2023-10-06,41.29976464,80.2391106478559,6.10059929616962,53.122988138285166,75.97044835219509,33.697578124438785,9.731788950597249,-0.7369707016026538,0.0863693835109999,0.2362935269313103,-0.6743994505062706,137.63228325689516,-0.6310316359649912,2408.73,0.002132024172578184,-0.0025564776950490753
2023-10-10,41.5568388,67.33229223248235,6.4354675161752155,55.766040791724826,72.059046923113,33.77621899484431,9.650472523575072,-0.5887567743165383,0.1508909177732067,0.2884733879153169,0.3520733024936898,86.82611718237483,-0.0022201594901792,2402.58,-0.0025564776950490753,0.0195775171295951
2023-10-11,45.1709862,88.11445747757534,20.019792652012676,57.625145795162304,69.62038487752939,39.3487483496976,10.215500292719472,-0.5483991696978199,0.126607788553082,0.2833451718893259,-0.1362202412780784,142.24443562717585,0.1621604519110788,2450.08,0.0195775171295951,0.012065299812866748
2023-10-12,51.0007688,92.27089052659394,18.27005872171669,47.613026192986,73.10052099851578,42.42083406759177,14.070868199550493,-0.4942997447139531,0.0777439834726444,0.2193378445372237,-1.0375621269076178,94.45554564591218,-0.1434359854273511,2479.82,0.012065299812866748,-0.009590893559161096
2023-10-13,46.50816927,88.11445747757534,36.6211927293826,42.11594975654723,75.0282002960592,41.66836573797967,14.5714230145353,-0.913454873087506,0.0692611387059029,0.2078624723197373,-0.8398683794067096,89.57169868938463,-0.0617852549265308,2456.15,-0.009590893559161096,-0.008139216176317632
2023-10-16,42.94913581,79.80159137953815,72.52900441857139,51.24377485766761,75.46136081481127,38.216180293313045,13.425530393261813,-0.9625063353330048,0.1327828368381995,0.2946281895807144,0.5665450446493588,99.32767126566988,0.078421576748015,2436.24,-0.008139216176317632,0.009774586085491421
2023-10-17,48.87514213,87.02065930678098,69.85955167434295,37.10668419394849,77.28222371597305,43.39457399727302,16.16379869602688,-0.9254928009820542,0.1695278089702942,0.3045206926192843,1.277521320175374,82.23544733021495,-0.1198552223737337,2460.17,0.009774586085491421,0.000987249128994172
2023-10-18,51.04390896,83.08298589192124,47.51575806039865,33.249854534476036,78.22637006452928,45.19530014888005,14.392458026151868,-0.5724227313936787,0.0730388360144724,0.244461217257374,-0.9692744419608198,64.22432726812727,0.585473858704897,2462.6,0.000987249128994172,-0.019187207187592925
2023-10-19,42.37940434,62.51958028098713,40.381762577742144,35.067902795483654,74.90564636314241,37.13328606531785,10.981955818971269,-0.4512063845484513,0.0663922890780219,0.2156174355627148,-1.1548853432026065,160.55987299598553,-1.3624471381654344,2415.8,-0.019187207187592925,-0.01703305770243624
2023-10-20,27.95825512,24.45527591566929,12.949725705410769,37.173998517177225,69.78488794117347,29.46319313082208,10.705991508222157,-0.9603352079239158,0.082632328548854,0.2550396294753814,-0.4422968121997864,162.5688025960849,-0.959588502619183,2375.0,-0.01703305770243624,-0.007599328205861511
2023-10-23,23.32260528,34.40671161066911,7.796465808344013,63.4123122069595,65.82695333793995,30.941951470043634,12.127976452284075,-0.9308161891941248,0.1384526874702328,0.3026878999934776,0.6480324067601959,110.66691309597522,0.2001081201568383,2357.02,-0.007599328205861511,0.011176081884002542
2023-10-24,27.59823094,69.39724357050724,15.972441870112725,45.38171725798585,61.58873168526565,33.84924467694878,13.63185143410201,-0.7717758499916058,0.1264372119384494,0.2712275318017093,0.1662749934629686,73.0302054931529,-0.0561153077663992,2383.51,0.011176081884002542,-0.008570253101665593
2023-10-25,24.61219168,78.06462304679744,27.00927856341767,48.554482107728184,57.34147839745029,32.381888559229324,13.3313790907729,-0.8983157765345798,0.1522463735340715,0.3417557972322881,0.8405019523474211,106.97473188594893,0.2927207271376141,2363.17,-0.008570253101665593,-0.027494895149316356
2023-10-26,10.45777527,38.25888026679809,20.09495092763089,39.686717207983264,52.410736607948195,29.64226062112985,14.168712016029776,-0.7895824415320127,0.1852383170976257,0.3381037109444332,1.265134888293053,162.54037573185622,1.760207021087718,2299.08,-0.027494895149316356,0.0016210734358423906
2023-10-27,11.34156268,58.80377976615259,23.71248107883711,48.99449055489973,51.57472035864087,29.83610784463236,13.129032099728647,-0.9702564568391138,0.1042782142128552,0.256578133369158,-0.0770226636781959,138.4518442052225,-0.2865170610712181,2302.81,0.0016210734358423906,0.0033554750820181667
2023-10-30,6.981598037,72.6073841172814,37.621417878085175,56.00130476901186,50.92588527556714,30.61980076627649,17.01265866041127,-0.9855913895713844,0.1750519616205239,0.3324635104400683,1.3487101393736778,80.73109328157315,-0.1767468705181906,2310.55,0.0033554750820181667,-0.014192116231897423
2023-10-31,0.114151966,49.815386235185,23.071889703971664,46.13230705623902,49.09814426790028,31.057669712607044,15.769065901546604,-0.8488051619003901,0.1843078092569966,0.3196881894857377,1.2450565955897457,125.77176456120507,1.0227443133122254,2277.99,-0.014192116231897423,0.010293678689994756
2023-11-01,7.651207593,72.6073841172814,34.57071902793442,60.11728000115745,48.70538145537882,34.717190688043004,36.31271401943612,-0.7737977273071975,0.2253359470426578,0.369508265169696,1.786967838233776,104.07489620517572,0.8089710889356093,2301.56,0.010293678689994756,0.017896220713667255
2023-11-02,17.57293656,85.12693224970053,44.709061964379494,45.8815060837108,54.9279179386838,40.69276135209364,36.584172477563186,-0.8163120326160584,0.1235561108816894,0.2935077850625227,0.0150427339222999,135.6076047757919,0.088971529946225,2343.12,0.017896220713667255,0.010705913192674998
2023-11-03,23.21748219,89.30011496050693,67.60645527597305,57.54386117347704,60.48830071725092,43.882256300428494,36.92999410055728,-0.9160816421408252,0.1205221540206398,0.269091405533068,0.0912971583609939,109.04532842272472,0.0162256721326614,2368.34,0.010705913192674998,0.05504899500988003
2023-11-06,51.71065443,89.94214306986176,78.70372794384795,82.82138926786206,62.74473192950016,57.141235827012046,36.767285898353094,-0.8763973080423775,0.1921424733422081,0.3292990298951215,1.2524320702711638,276.4077562714227,3.5991783557125228,2502.37,0.05504899500988003,-0.02361860824264106
2023-11-07,39.3724793,87.37403063244244,62.60435128993964,49.15904230397809,65.40150676619618,51.38875633701172,36.354411386200525,-0.948790383300176,0.1829862298854193,0.3110564599259998,1.250338004807356,233.3421984982863,2.6870230475270493,2443.96,-0.02361860824264106,-0.009182936869724045
2023-11-08,33.50022833,88.01605874179727,66.80874388189699,62.91200933949149,67.32312570212264,44.308707789180104,21.820706629286253,-0.9409218810495322,0.199261200335966,0.334185969774909,1.4832280870952494,127.8742261373734,1.312851957877742,2421.62,-0.009182936869724045,0.002252151012783976
2023-11-09,35.8667654,87.37403063244244,71.79145952198675,61.405884079742336,68.32075176621622,41.560564976510065,24.324100199061867,-0.955726682339557,0.1980378712405129,0.3295353914422461,1.4525017168397951,103.42899919308148,0.5807567540793426,2427.08,0.002252151012783976,-0.007203229994528826
2023-11-10,33.16762887,82.55881981228123,58.23598898156469,50.418920237580565,67.6622186573602,42.24351466207086,29.75366235596656,-0.9448804305346452,0.1701026961947419,0.3032289884431424,0.962617507538995,151.11430573682463,1.2003029024063907,2409.66,-0.007203229994528826,-0.002451480633228087
2023-11-13,32.41730255,76.78056682808779,50.21336993122112,55.19475115827856,69.13957511884267,43.95632722906439,29.986690484462446,-0.947294348570922,0.1171629392904392,0.2705960624304495,-0.0293897233656772,126.0770054047843,-0.0261594244902621,2403.76,-0.002451480633228087,0.012193634245860174
2023-11-14,38.24835769,87.37403063244244,59.49509658084937,54.69907862836313,70.45365032759373,42.954782864840666,29.970668596287418,-0.5731230858447753,0.0960846206830214,0.2786107090089452,-0.7657787013585639,131.94551453505545,-0.4014334223394225,2433.25,0.012193634245860174,0.02171665370476905
2023-11-15,51.35994597,89.94214306986176,77.25268123442966,64.82692315658028,70.92503271722617,45.38367243444541,26.63338393054012,-0.4949158493667015,0.1499480514999318,0.3160498208674975,-0.0728778325669005,152.26891534969158,0.7385670844344138,2486.67,0.02171665370476905,0.0006070534976414521
2023-11-16,51.84658242,91.54721334324884,81.83815592994314,72.79358097798291,70.71923571912689,49.39883617609248,26.30475456030507,-0.7354009336202173,0.1436495186400397,0.3020633226450749,0.1471624110241757,141.2224082806472,0.509724798333923,2488.18,0.0006070534976414521,-0.0073940994759951195
2023-11-17,47.71241814,89.93971639774216,74.69854299486161,65.80864895696831,71.56737976537981,52.34126672882971,20.899441067255527,-0.7038176593801626,0.1444497276408917,0.3151594463105405,0.1364536674520545,88.43762826988029,0.0181397016852608,2469.85,-0.0073940994759951195,0.008607102046715553
2023-11-20,51.4967812,89.93971639774216,79.28015248193971,51.87801000608864,73.00150442423666,54.85734055036071,18.511870552542977,-0.5964101582972722,0.1066637605310286,0.3007071017039422,-0.640484725368221,72.61124188407565,0.0926354582772126,2491.2,0.008607102046715553,0.007685547725170494
2023-11-21,55.59892768,91.8592237674822,81.81596731221428,54.48542590405653,74.63216874920293,54.98392074397819,20.170955787875364,-0.090295984782006,0.1356002019622632,0.299722569910279,-0.8704420407803505,113.98906373368482,0.1920424287374007,2510.42,0.007685547725170494,0.0005097448996496112
2023-11-22,55.99251724,91.21858083204184,86.15941210592356,73.15251009545976,76.46055718438576,57.26943867267029,21.289960049442836,-0.5840936557596044,0.1517597324451055,0.3259674721454548,0.0242417848104659,67.1821846094392,-0.3586689810279543,2511.7,0.0005097448996496112,0.0012970841302415437
2023-11-23,56.16277517,89.61697349344094,82.46018846750005,58.83167858961288,78.82649022935296,63.57942374599719,21.814121126983956,-0.4983316118758028,0.1836407758814995,0.3733563210345766,0.3528889544943389,52.35628767540531,-1.3851578034133054,2514.96,0.0012970841302415437,-0.0073150763478153635
2023-11-24,50.98558907,89.93729496116113,81.43799036247599,70.1407298717189,80.65012837429035,62.99735438478859,20.254795118700663,-0.8198697493782254,0.1451400007533594,0.2990757178975222,0.2442456216239937,88.75166778880521,0.022570663331173,2496.63,-0.0073150763478153635,-0.0003885992248875425
2023-11-27,50.43396029,88.97633055800057,76.08675096991004,68.50634286107918,82.34130917387094,61.89019884451067,21.596690356855568,-0.629053253312233,0.0723276292042829,0.2226731874867245,-1.2158903839222457,63.575312123722505,0.6144439594482537,2495.66,-0.0003885992248875425,0.010403847165138203
2023-11-28,57.31098416,89.93729496116113,82.21959981509377,53.79153230094339,83.24751118787907,67.26586713974781,21.429382258813316,-0.9339344614836166,0.0638688982338387,0.2154341993124304,-1.1210724271694028,73.35942820513465,0.3948103821973694,2521.76,0.010403847165138203,-0.0007735685896426148
2023-11-29,55.70312087,86.73408028395932,86.08782670193878,70.14637988214618,84.58518572754976,62.21093958041223,22.64730347685471,-0.4208716642978067,0.0848728830966701,0.2571518655413329,-1.1689253783681537,109.26975007495376,-0.32792641855911,2519.81,-0.0007735685896426148,0.006124527066785568
2023-11-30,58.9949449,88.65600909028039,92.95439966126496,77.41485456002776,85.25640220417974,60.27849361243758,18.411238156174193,-0.504713508336459,0.07548564096118,0.2409311088633171,-1.2509832333386992,98.83210938103234,-0.2343696918469163,2535.29,0.006124527066785568,-0.012015302377408332
2023-12-01,52.54348676,88.97633055800057,91.3757865407288,65.35740693813369,85.78291853419037,55.32122089130963,36.17146685133493,-0.6286378088768786,0.1256108014423828,0.2967079628386508,-0.3566948150006538,155.09686136286822,0.1662981229719239,2505.01,-0.012015302377408332,0.003960196093544255
2023-12-04,54.9758012,89.93729496116113,91.78794835636484,66.7234654643353,86.34347064586072,43.057920547918386,35.307314217864835,-0.2039099890192605,0.1023464556880595,0.2452478661171791,-1.1442591006922644,70.14871648512825,0.1494852184916317,2514.95,0.003960196093544255,-0.008252812235598483
2023-12-05,49.21336387,88.33568762256022,79.75191379399669,64.89457091243497,86.81567913372787,45.69974801008985,33.78241325390611,-0.3927528561846956,0.1961782926803835,0.3482802158117119,0.3478942900055498,70.1847515727323,-0.6999417357271475,2494.28,-0.008252812235598483,0.00044091181275618396
2023-12-06,50.44013053,90.5779378966015,81.3782232499912,67.4908699991736,86.85223282057277,48.910353330535486,33.32928209433718,-0.8237892301938776,0.2177575373835393,0.3255111439548253,1.552512964464208,68.08030752575418,-1.0221067735509854,2495.38,0.00044091181275618396,-0.0013273317971966847
2023-12-07,49.19198816,90.89825936432166,74.40621185914084,48.44602398788794,84.54448357296297,48.63829357238896,33.666208969091855,-0.9838360594374512,0.1757051920801572,0.3409935902396592,1.0250501707165207,102.33739760669056,0.3914716525418629,2492.07,-0.0013273317971966847,0.01029167234122852
2023-12-08,56.33202114,90.89825936432166,79.17865146773819,55.92749670731772,84.27818952288072,52.444386915208355,14.166387034193772,-0.9539442583868236,0.0959967474738562,0.284660718523364,-0.5775597773650146,68.58409455424804,0.2287793076492361,2517.85,0.01029167234122852,0.002978264062442726
2023-12-11,58.84565529,90.2576164288813,80.6159108363602,49.42368604549514,84.29878015519232,53.97747366122992,12.414153675410107,-0.8148464503113119,0.2068907612088284,0.400386518275706,1.2953853872226324,54.80371275204428,-1.713222092543641,2525.36,0.002978264062442726,0.003916513425213708
2023-12-12,62.21614124,88.65600909028039,72.75780054849272,59.98278437516373,84.69675075096079,52.27970919301671,11.960652112880515,-0.7634299101441551,0.1423071882781827,0.3062568633630876,0.0203744720137519,94.98988957507449,0.0875814131201399,2535.27,0.003916513425213708,-0.009754473461176083
2023-12-13,56.81101543,83.85118707447768,57.37487311780845,60.681784872061115,84.95831715956251,45.3195633356297,10.89373977691604,-0.5993833511846938,0.2001118779524023,0.3698552692056629,0.6991198358035519,94.18695076075966,0.2740070119773801,2510.66,-0.009754473461176083,0.013262730905816866
2023-12-14,65.20235323,87.37472321939967,65.27567810845272,68.79422418219472,87.53348161480581,46.56890520904355,11.322203916356418,-0.5308801863250758,0.0895962068880306,0.2483522989725018,-1.1619242558075271,150.75671088053224,-0.6813114713689413,2544.18,0.013262730905816866,0.007588519776146718
2023-12-15,69.96382626,88.33568762256022,61.265576001020214,59.46018736721837,88.20659705522506,50.93529003056777,12.92687852860402,-0.0331337898485046,0.0750891629990812,0.2192025734551524,-1.7058921754982947,94.1400459858242,-0.1465156413365586,2563.56,0.007588519776146718,0.001286444562086153
2023-12-18,69.10858875,88.33568762256022,57.765322313452295,61.66449782082953,88.47517161872793,49.20289903981652,13.314653362438696,-0.8752255029206429,0.0961245182284218,0.2494431389292754,-0.6523178800692299,91.05289224513704,-0.0440402587726489,2566.86,0.001286444562086153,0.0006581753203764862
2023-12-19,69.90429362,88.01536615484004,40.73818843669784,63.9270080703933,88.96696988135719,47.87503748155313,15.560747618309115,-0.8471317010507109,0.0860978047359867,0.1976938210531827,-0.8688592962490097,60.14472114488228,0.508851186129857,2568.55,0.0006581753203764862,0.017654837907537413
2023-12-20,80.84930182,92.49986670292256,61.54462360746968,78.56494643743832,88.57475751511723,51.58589951853067,18.54758407935886,-0.5975565286690557,0.1011309542679259,0.2578281919708751,-0.8552290365539181,91.17491437661825,-0.0353302452627161,2614.3,0.017654837907537413,-0.005477237952463021
2023-12-21,78.32877769,87.05440175167949,52.20967872699236,67.2027500485138,87.88195087076535,51.16463967330645,21.62951045186299,-0.967152685557566,0.1208829571974005,0.2930453827631064,-0.0728928125842255,88.25655462803638,0.0012775139024731,2600.02,-0.005477237952463021,-0.00019617157767548576
2023-12-22,78.87740699,88.01502098084465,35.972186077223746,80.68191433853023,87.00680514396461,52.96531798623807,18.880529424361853,-0.5224710805054941,0.0950569799976822,0.2639695372474166,-1.0038356538314075,86.8694965969604,0.0011441481770598,2599.51,-0.00019617157767548576,0.0011841373137357891
2023-12-26,81.00219326,86.09516321849588,32.98332286645789,77.62864168324751,85.1277214666956,54.01834255192621,17.38632109909359,-0.7792373221301164,0.1157324900597899,0.3071643749866796,-0.364306856564104,92.46940033235066,-0.0080225068143912,2602.59,0.0011841373137357891,0.004183216129235667
2023-12-27,84.47130057,87.05509209967028,28.198319570333258,65.10443709244478,82.28574627930738,52.76041105033554,15.77646636809651,-0.1512906688107329,0.2112774363792869,0.3765228100961209,-0.0324475161197594,57.1420228249329,-1.6363520844420067,2613.5,0.004183216129235667,0.015859791355998354
2023-12-28,94.14036242,91.85473650554216,50.74861123176976,75.99075836851479,78.75200884871599,57.93394425720216,13.35189919380435,-0.8141914120436878,0.19870576977537,0.3593086978459365,0.925031941062326,50.12685004338505,-1.852846395345081,2655.28,0.015859791355998354,0.005457198304563704
2024-01-02,98.41606025,92.81466538671654,61.21863960040845,68.48433698689617,73.89995284720838,59.49120893146471,11.169689336540369,-0.7246147731298324,0.1238047780978142,0.2877167127637069,-0.2346260716797531,73.51747667014743,-0.0353090660503831,2669.81,0.005457198304563704,-0.023688270324105254
2024-01-03,81.42641149,87.69504468711985,53.47348297937281,61.80694608233984,69.09432874509487,55.71611836240472,11.445748153480032,-0.4552062090159378,0.1182652620614388,0.2798135041739508,-0.5748165176683162,124.19337281661228,-0.0084705144835023,2607.31,-0.023688270324105254,-0.007812404370782566
2024-01-04,75.66484198,84.49528174987192,71.07675826790678,71.66183820536061,66.09380356264968,52.40850188044735,14.915442609534914,-0.7193173472817148,0.1752185951830034,0.3480830709539364,0.5323127555400652,51.95698946628093,-1.2232711855725096,2587.02,-0.007812404370782566,-0.003461698293391713
2024-01-05,74.0802114,85.4552106310463,44.67417224640032,76.13995038584575,64.11364207370846,55.3876243957909,16.795195244316144,-0.5498518182310941,0.2430637954636538,0.359169534082955,1.1699508260601843,57.77139270646459,-2.1417885474460117,2578.08,-0.003461698293391713,-0.003987645930012107
2024-01-08,71.08018875,82.57542398752315,32.67914502199044,72.47629935340528,64.12964348448149,54.03687581156339,19.431635289964692,-0.7702952926940573,0.245239857347472,0.3857691254497782,1.65562375621942,55.12422864224074,-2.428330858796837,2567.82,-0.003987645930012107,-0.0025657736933419883
2024-01-09,67.83575095,86.41513951222069,78.46354425931219,75.37014878283696,66.015401241812,52.53997396782134,20.81029140272497,-0.5590782825762285,0.346981386920891,0.4826870088765424,2.413005288658697,55.151796534396446,-4.377945734653641,2561.24,-0.0025657736933419883,-0.0075482113040710175
2024-01-10,62.11956218,85.1352343373215,66.8286910746833,59.88422175755477,68.32075176621622,47.700257082696474,24.807423267402704,-0.4540333683770596,0.1298699847370554,0.2745616969699334,-0.4333472876831555,48.62497851726859,-0.2702269561002595,2541.98,-0.0075482113040710175,-0.000672930322013876
2024-01-11,61.31267377,85.77518692477109,84.5575359580672,93.68276718366435,69.91918316596903,45.49292072502595,24.82876937041231,-0.5690099484242008,0.0587866636551644,0.2316674547420931,-1.176658877472044,99.0486431172894,-0.3302305518622074,2540.27,-0.000672930322013876,-0.00600951008221795
2024-01-12,57.51039532,84.17530545614713,90.37805043579074,62.84516390101661,71.436543818847,42.8653079673396,27.511100679293776,-0.5765080527011911,0.1306985207970663,0.2956142030204547,-0.2488496898151513,99.31133949714592,0.0666267725566619,2525.05,-0.00600951008221795,0.0003722005808111106
2024-01-15,59.30873705,80.9755425188992,91.44821867630414,75.17830680470664,72.7744980564887,46.2340469802323,28.60712108531482,-0.8790404455146106,0.1550488088202897,0.2965846139604232,0.3874664304198679,69.40833848291557,-0.3447468577169134,2525.99,0.0003722005808111106,-0.011306798164950393
2024-01-16,51.28418889,73.93606405695375,68.32096500190342,67.57503984239275,73.11465132871248,41.87613815815367,30.96694510864964,-0.8486871839622344,0.0689337741628666,0.2300064868292411,-0.8929963588226445,77.75181394141372,0.236032477671221,2497.59,-0.011306798164950393,-0.025009968825406403
2024-01-17,36.03252214,55.37743902091575,84.01645745435837,58.61887294103801,69.44047272798277,32.348841186503634,31.634691024179464,-0.9931136810458472,0.181652146368153,0.3439500367456685,0.9610315036698492,120.19460784895476,0.860448075757724,2435.9,-0.025009968825406403,0.0016981345114430724
2024-01-18,38.14700978,61.45698860168681,77.26493423654081,55.19521883000572,67.64683685233211,33.885754297733214,32.96273180428994,-0.9147532763842176,0.1196574158747674,0.2473539481824848,-0.0882313034273096,122.33785905850988,0.0119978174528083,2440.04,0.0016981345114430724,0.013312414935795935
2024-01-19,48.84499498,75.85592181930251,76.05427225082163,60.77211843953682,66.29732295612301,39.01936658255693,32.21583501326024,-0.3604515566053058,0.2036493610555953,0.3605588805526709,0.2770516379542491,84.1670518107393,-0.117340548256625,2472.74,0.013312414935795935,-0.0033987665108394793
2024-01-22,48.35337152,68.17649076990747,59.50381900599915,68.2586559946415,64.44914757545142,33.95833331521733,33.59634759514011,-0.7976320518714369,0.1632491294014983,0.3464497692632414,0.4183913124825651,62.54240793461305,-0.6176164261537208,2464.35,-0.0033987665108394793,0.005769838137804406
2024-01-23,52.66897287,74.57601664440334,59.60956311944865,57.83886554155837,64.11364207370846,36.70802655547507,34.40273943012522,-0.7101818448044611,0.151476511928897,0.326729484455591,0.1494881655851789,106.86610036917632,0.2845727681374921,2478.61,0.005769838137804406,-0.003605282485658279
2024-01-24,49.73914948,70.41632482598104,37.289679566437705,57.57966870540331,67.63145203132804,35.31269643000521,33.852231313694986,-0.9509138881475838,0.1508418799570573,0.2992661997019328,0.42520672097952,94.08316561044604,0.1064279236952987,2469.69,-0.003605282485658279,0.0002631562981409985
2024-01-25,50.8134562,72.65615888205458,32.1246453495314,63.936948016368525,69.75500804616507,35.38436594460534,32.62260730046066,-0.5146575331732922,0.1795294246025432,0.3500245342990054,0.2381785630488029,92.15452382113016,0.1486238717812677,2470.34,0.0002631562981409985,0.003321953387310117
2024-01-26,51.69426967,85.77518692477109,28.52145559407132,68.19685695455185,70.76339197089884,34.23237115142717,33.53470950682248,-0.9916003062302596,0.1446356603345567,0.3048552373155708,0.3449537146903189,68.97692686571212,-0.252418682170216,2478.56,0.003321953387310117,0.008872951704096188
2024-01-29,58.30937216,90.2548550369182,32.4371428864125,71.2482081452456,71.84264453160019,34.66103019942258,33.71423804164049,-0.4314925932769428,0.1003908192387154,0.2694562733611821,-0.8382386362755958,75.63410668052332,0.1086973211397963,2500.65,0.008872951704096188,-0.0007360795298199108
2024-01-30,57.70764767,91.21478391809258,37.193718647602154,70.68312907734308,72.24593981708628,29.894973156569733,34.91554578028433,0.0563260059600981,0.0850800734699561,0.2572608091529251,-1.3129386830862666,91.08073833355137,-0.065901669616155,2498.81,-0.0007360795298199108,-0.0006885646501961773
2024-01-31,55.60492883,86.73511580594547,27.42956699767008,66.34805154218854,72.31765868296787,35.567243740489026,35.306415563179236,-0.9498279293700816,0.1450777374857405,0.2962158616897422,0.2819804581870908,131.8669728272687,0.4627036473641167,2497.09,-0.0006885646501961773,0.018006062370117704
2024-02-01,66.69929849,99.2141912612124,42.73230323263769,63.33896258197165,72.50370182327258,43.416155900615806,39.74357216837801,-0.9140165740453844,0.0786508278930494,0.2131507740964679,-0.7629935909002161,157.42208133553086,-1.0102433936890436,2542.46,0.018006062370117704,0.028250521065774414
2024-02-02,86.36081863,100.0,71.3695066317642,81.75104357612119,71.3054220745035,51.347250730929574,40.03063786630569,-0.4307723554691111,0.16207888544296,0.3694186854658871,-0.1344089726478669,89.58021547696384,0.0540889156558129,2615.31,0.028250521065774414,-0.00921909798805931
2024-02-05,78.70759284,92.0016567185616,64.49462653233155,67.70121872308265,70.14240797103997,50.270357566100586,40.20057755846746,-0.1751312285709827,0.0849973715507651,0.2356755976327476,-1.0996490415121458,143.9144306749965,-0.7217903640646289,2591.31,-0.00921909798805931,-0.005848094367978618
2024-02-06,76.22780106,84.92619920036607,42.01838032617988,69.74972600095283,69.42545875787869,51.12244860439611,40.16564871350175,-0.6845587081696987,0.0943476832527856,0.2472681541989299,-0.6249120268365446,97.32515465772116,-0.1164576057801436,2576.2,-0.005848094367978618,0.012873843865583545
2024-02-07,84.05890634,96.0008283592808,65.5039571645047,77.93472012403343,68.51871813178343,56.62772180423434,40.38740564999244,0.0040842181831543,0.1324255751880036,0.3094966922324273,-0.8374208745135441,92.2315965309664,0.0337757836313938,2609.58,0.012873843865583545,0.004107158873986272
2024-02-08,85.75220634,96.30845694702842,60.12312535092295,63.60030111754544,67.83121882195164,58.304516218101895,30.235273810936953,-0.5556063837459806,0.1394899006927988,0.2911844672854763,-0.1656832379908789,80.55347277760346,-0.0668770283250176,2620.32,0.004107158873986272,0.011127333993788291
2024-02-13,92.83698007,97.84659988576658,76.96897909592808,47.590257022208355,67.47743843402475,63.35784001909821,26.871788614665316,-0.9193931807850524,0.101806578328792,0.2645707156216163,-0.324389656096215,97.96353788534964,-0.0856806535588885,2649.64,0.011127333993788291,-0.011089171444219836
2024-02-14,84.2099224,90.1558851920758,65.74950423969852,57.73086638952984,67.6006733503145,59.669324656356295,29.63908812114677,-0.1729371201033708,0.0949753060640844,0.2916497358172368,-0.9959769020336516,99.93055037116476,-0.1401345634715367,2620.42,-0.011089171444219836,-0.0025295090881902738
2024-02-15,81.41647076,85.84908496360897,62.80732189961375,59.7924806212022,67.29222745767636,61.72232424660101,32.57515063181204,-0.9141660612416976,0.090127384093075,0.2667277236086969,-0.5148156167524195,85.100819818559,0.0263253150148422,2613.8,-0.0025295090881902738,0.013286504778185382
2024-02-16,88.93389867,93.53979965729974,55.323618702068714,50.27836348538689,67.61606419657824,71.76940680519638,31.738482382508508,-0.7152335371470233,0.1587971135723801,0.3088466176157563,0.2767247822826088,56.537119968404525,-0.7253316093449858,2648.76,0.013286504778185382,0.011822198783510984
2024-02-19,98.23723233,100.0,55.98795354037771,66.70681686899823,66.40671351397384,74.75158334890591,31.631482398045467,-0.3717638554397339,0.0837964743020074,0.2441469186326604,-0.9230866068407648,75.28040812522786,0.2134630610648233,2680.26,0.011822198783510984,-0.00841885434464995
2024-02-20,90.83608839,87.20494446203452,58.50932156329092,60.303774700360655,66.29732295612301,66.85853275560201,32.75184210634344,-0.5654940814801898,0.1114526520371865,0.2557969940558972,-0.4636081535188318,59.30017966446253,0.1190333410037826,2657.79,-0.00841885434464995,-0.0016870332181788683
2024-02-21,88.90163512,84.8244690131107,57.228921095673634,65.59569915416694,65.48044196284842,66.67104543222656,34.20574054922676,-0.3758634692282811,0.1690341855522666,0.3496003765472616,0.0782991333809669,78.58657796281773,-0.2148910181920221,2653.31,-0.0016870332181788683,0.004122181714127038
2024-02-22,91.43252754,84.8244690131107,48.227728828657455,64.97598229627842,64.7994322512952,65.45759624147917,34.00199114238298,-0.67743210686714,0.1496815116661331,0.3414578104201861,0.2439374404718862,110.9022223453378,0.317375111822918,2664.27,0.004122181714127038,0.0012865790591982673
2024-02-23,92.61462928,88.09762275538094,31.923104189524388,73.53854502717687,63.35882589656941,67.7146232008312,36.259312075770936,-0.8976063594932983,0.1431619480162093,0.3104285082918012,0.4473158049757083,91.71390671425893,0.0546502975034903,2667.7,0.0012865790591982673,-0.007759532270886993
2024-02-26,86.68770825,79.46839925303213,12.92010385266004,75.25907010932286,63.48768018442003,63.70596598775138,38.7377703258107,-0.8188861772795717,0.1501208782350655,0.270211443221576,0.5034829748202732,82.45709813890522,-0.0704206810049191,2647.08,-0.007759532270886993,-0.008357202200873104
2024-02-27,81.47607525,75.60653266427077,8.70007750850501,76.69132869414543,64.97410696221513,61.86829055371504,40.371324284981384,-0.7084197112664536,0.1300594744596525,0.2898719515077031,0.0143931291806889,91.66156897761746,0.0249544534635628,2625.05,-0.008357202200873104,0.010323474296833446
2024-02-28,88.31050672,80.36235874952654,12.613762331867356,58.85825013991579,67.5852794947701,61.64547891215748,43.12650187608106,-0.4933213030274715,0.1427524408858043,0.3105618715978913,-0.0611709528059158,71.2385501728601,-0.2014708596857277,2652.29,0.010323474296833446,-0.003750960551755611
2024-02-29,85.80919159,77.68720657657016,19.042660556015512,53.58795554238576,69.78488794117347,62.211445127899765,43.981524384877346,-0.1357551418461029,0.1020041397515456,0.2396880070448985,-0.9544005018877298,66.0007902804935,0.1957828645043555,2642.36,-0.003750960551755611,0.01200398868218322
2024-03-04,95.28905768,84.52370657412531,18.66420585664576,56.14718864376792,71.23245365624382,66.94843422683545,43.36959611840339,-0.5774921311497389,0.1301695039073813,0.3047731473561652,-0.0997716619026285,72.43011438469874,-0.0875815155426104,2674.27,0.01200398868218322,-0.009343246640468372
2024-03-05,88.63116959,74.71481527328532,16.12405760960476,66.35781702109286,72.40360132419832,59.16615162858865,44.02658663946124,-0.7651839111319474,0.2014253990892073,0.3784095401249178,1.3894031195747063,48.592448336442544,-2.023510811172611,2649.4,-0.009343246640468372,-0.0029900473807620287
2024-03-06,85.9039198,75.0120544036138,15.17324293353141,75.16529829621797,72.27463825696724,50.142470970091225,45.20135873877994,-0.5097169670540139,0.2582260571521018,0.3802236224576573,1.7309516959087512,77.60217760622214,-0.6707976458353304,2641.49,-0.0029900473807620287,0.002317971358017701
2024-03-07,86.61262625,71.74242397000047,14.473867194748369,70.10447777028207,71.66894262563692,53.17753018384058,43.10457504904392,-0.7761932117843751,0.1932169916531833,0.3841600125790709,1.2457103634559388,54.3416974940358,-1.4736437929438333,2647.62,0.002317971358017701,0.012286259765363461
2024-03-08,94.99992721,79.47064135854107,26.758747277406048,69.82380187458949,70.96904392121188,56.86749341655509,42.816137998775645,-0.6191162029281781,0.1097534072645362,0.2463553763565293,-0.3485708106170522,77.91020174839353,0.0421450611123797,2680.35,0.012286259765363461,-0.0076814124020812
2024-03-11,88.665047,75.60653266427077,16.331898445025722,60.36896326179206,69.90427477794226,51.020571325069895,42.95493272088117,-0.7381652251363643,0.2039722990227443,0.3374473207090528,1.613472172732092,38.11669863305043,-2.949502766973137,2659.84,-0.0076814124020812,0.008225969086730345
2024-03-12,93.34696838,73.52585875197138,17.86889174064623,61.51428040089581,68.8979268969269,51.82853172460485,41.80194494115592,-0.6240679532734201,0.0603559014277715,0.193291049387365,-1.2405354867445189,84.49842821527793,0.0711811615818825,2681.81,0.008225969086730345,0.004375511596276027
2024-03-13,96.48352004,80.36235874952654,30.833332229397463,62.14097420152177,69.38039725958826,49.71243105850281,40.14277724637104,-0.952092415747028,0.051995482229563,0.2205059596588109,-1.1641941354361225,61.4286267091675,0.979691717870072,2693.57,0.004375511596276027,0.00930844271744391
2024-03-14,100.0,86.00990222576773,50.82750260617952,58.27368817431381,70.48321446900312,55.88323169531354,42.751596649728384,-0.5961435876025225,0.1397072686127861,0.3148922552497291,0.2285878427890848,73.55399838412718,-0.1476698650573705,2718.76,0.00930844271744391,-0.019281643109693825
2024-03-15,86.93400324,80.65959787985501,41.71683514389796,48.39032985631068,71.10088998019634,52.34189055034947,44.73536795977768,-0.9818273931053102,0.052784829027773,0.2124738771551163,-1.1241332978812368,72.18576532336432,0.5193475348594367,2666.84,-0.019281643109693825,0.00709927729642601
2024-03-18,89.94326063,79.47064135854107,43.51880643688542,68.74517052653569,72.44652344757152,50.70885324045605,45.20418585435901,-0.6176464743427598,0.1611120154597537,0.294526406379297,0.7523558444096665,46.03553547183193,-1.131584390216772,2685.84,0.00709927729642601,-0.011108292605758407
2024-03-19,82.70648532,74.12033701262835,45.49356966980204,58.96965802607876,73.88603373650234,44.1383155984301,42.81463852033082,-0.1377873648377715,0.1474845455352444,0.3421677951620946,-0.3446757611838942,106.4016861845441,0.2444936938107268,2656.17,-0.011108292605758407,0.012708001279153613
2024-03-20,92.79348933,76.79548918558471,72.96550383715854,68.56452902486456,73.89995284720838,50.815475600970714,42.54730854175223,-0.1898439658861545,0.1534129244407127,0.3311588552616841,-0.1800213735417829,87.34549630098994,0.0063219383811519,2690.14,0.012708001279153613,0.023773387747612063
2024-03-21,100.0,85.41542396511076,95.05739343007616,74.36677993219347,72.46082352224693,58.70917057473295,39.7495891197925,-0.3584771715036344,0.1018433423921407,0.2695005489121558,-0.7218792258459901,89.38824300853521,-0.0196985811672949,2754.86,0.023773387747612063,-0.0022894864473066434
2024-03-22,98.0004362,84.8209457044538,89.36245885293464,71.84406820934025,72.03024000391916,56.84295779085103,39.81621693030137,-0.7957991134761403,0.1333453785638805,0.279971374149023,0.529273304283327,71.9338126076184,-0.116312397155687,2748.56,-0.0022894864473066434,-0.004006472577496645
2024-03-25,94.63111451,79.76788048886957,80.95325762475551,69.39152724453379,71.69792859803503,54.49329984267939,42.309785450275875,-0.6848354415941572,0.1078426830733963,0.285338932365533,-0.1337839593038914,80.420175118749,0.0363187936791824,2737.57,-0.004006472577496645,0.00710511009535697
2024-03-26,100.0,82.14579353149743,72.82712828103816,69.13897706188598,70.88099033848452,60.84943062234244,46.7359753933569,-0.827523835422767,0.0731735478331559,0.2091906946975464,-0.7112537885001283,61.222258984384354,0.6757003328624201,2757.09,0.00710511009535697,-0.0007184064747862706
2024-03-27,98.73304312,79.76788048886957,59.69885248601666,59.33166078267416,70.55706516827627,61.81625260438571,47.916344799314594,-0.6366403798438496,0.1403231674570974,0.3203940180807553,0.5147962125248264,63.13423876587502,-0.2903515438365174,2755.11,-0.0007184064747862706,-0.0033776139059780164
2024-03-28,96.93907537,80.9568370101835,43.34551228020509,70.80232830045139,71.50926582400086,57.90196596764904,51.445857688581754,-0.8785272534824159,0.0501838800421398,0.1460615017237611,-1.1814510586891134,54.393723104619575,1.357036902657326,2745.82,-0.0033776139059780164,0.00029495034306137313
2024-03-29,98.64069993,79.17595912395736,33.61161631148795,69.31963199288457,71.92930243885127,59.77712888702564,50.03023345678187,-0.4930796127312745,0.1765102494958382,0.3199192881283449,0.9221528123065432,66.2505247412477,-0.6621474505408512,2746.63,0.00029495034306137313,0.000447721270052881
2024-04-01,97.5538327,83.3328323810028,34.97326568780943,67.20041469045248,72.24593981708631,55.46752875676514,58.22407578853041,-0.8643088791499389,0.0914492202409691,0.2945378448173961,-0.2674744193551784,42.663678352797064,0.8196954888312253,2747.86,0.000447721270052881,0.0019269159682782089
2024-04-02,100.0,78.58212008723658,35.16871304435055,68.88080256300059,72.5893596202797,60.27784552565814,58.25304986024537,-0.190887761668395,0.1827149989187073,0.3478318808374075,0.3324726432253069,88.97661897703557,0.0616372850410951,2753.16,0.0019269159682782089,-0.016919414696196178
2024-04-03,89.02884978,74.42524683019111,33.129342645431805,56.86703912617698,71.88598961209745,56.95806686926053,58.0622526810947,-0.3459733703024395,0.17134619875331,0.3464822008409157,0.4814541402728239,81.16346862912206,-0.1532530339632271,2706.97,-0.016919414696196178,0.012857652948385478
2024-04-04,97.69348306,77.09752249543462,41.37482379553966,64.8760089060169,71.42198882543366,60.64772407124211,57.46805415560102,-0.2867028140044274,0.1319053422948666,0.2693309708038831,-0.3008613687813458,78.87609769978079,-0.0539469993770879,2742.0,0.012857652948385478,-0.010186646154902945
2024-04-05,90.67052453,70.26837357314567,46.23702593864323,57.75141200160871,69.53048784782125,54.709271158506176,58.63297920244995,-0.4891393983604796,0.2462150225613393,0.4078005081027889,2.0944371785301765,82.39369047781902,-0.2907989482979775,2714.21,-0.010186646154902945,0.001266601296753933
2024-04-08,91.47188449,65.51766127937944,60.75619565944772,67.8231558423026,67.9692179820878,58.28660084714915,40.0475712677148,-0.4471635542852949,0.0801018345424079,0.2085621829235499,-0.9763613351707158,79.19452320998079,0.1531497199877863,2717.65,0.001266601296753933,-0.004606476010068583
2024-04-09,87.29514256,68.78377598134374,58.5348335661542,57.40857289641404,66.43794249951263,54.93669651819607,41.46547367950993,-0.5010319412667308,0.1961236181338242,0.362461777684897,1.2582761832818712,90.9719035901292,0.1470399934746918,2705.16,-0.004606476010068583,0.0006651737457294971
2024-04-11,87.35365292,63.73614416921711,61.588914160145634,57.132330463087776,65.81123144742696,54.82500316581106,43.7910591151056,-0.3728488411684707,0.0832909826996397,0.2259518953755793,-0.9597890154274832,94.45869113770262,-0.1241193383914322,2706.96,0.0006651737457294971,-0.009330565504359178
2024-04-12,81.3499699,69.08069549970412,58.55813606036177,55.88076516486223,65.19596252674563,48.608311266210194,44.03974142824514,-0.5482339278962188,0.0169716957025285,0.1387722350621289,-1.9503058007961571,173.76434098057155,-2.988615799563934,2681.82,-0.009330565504359178,-0.004256160378926843
2024-04-15,77.8334272,57.797753802009325,60.8429069033886,54.219737217995814,64.67219940042848,52.354826147465474,41.188846651334664,-0.9588884390466372,0.0445153192311822,0.1740745674526417,-1.1445300373426963,103.72808927323128,-0.55391891158824,2670.43,-0.004256160378926843,-0.02303105930109961
2024-04-16,63.82956916,39.685663182025586,23.173664760221424,49.619021344056144,61.784869348289504,44.818344119108176,44.59072160543749,-0.94311468140524,0.0571502482623939,0.1749734599911738,-0.8406109835011144,144.60649475270662,-1.328500638879873,2609.63,-0.02303105930109961,-0.009800205896275394
2024-04-17,57.34383127,55.7193171734866,21.21077259872653,62.28002656223832,58.597010118397705,44.428474596799475,49.22545874333655,-0.8842816658599065,0.079584473781573,0.2660857451053586,-0.3923971308187278,157.54722367438782,-0.9880909362462792,2584.18,-0.009800205896275394,0.01936108058231234
2024-04-18,66.82394727,80.95747623411968,49.99228631954264,70.28297087530636,56.26412443322227,44.510191199584575,48.895348882992806,-0.8371568545464648,0.0742303793382542,0.2256910673392218,-0.5910035767853559,105.4660078390001,-0.3637958015169995,2634.7,0.01936108058231234,-0.016393558833655675
2024-04-19,56.31364372,69.3776150180645,64.75530636031233,17.051590047017132,50.088892191534526,32.870167190073204,43.45692465240397,-0.7730367882952199,0.1029365796309375,0.2754441907505695,-0.0544967104870636,102.32288443323692,-0.1092711024496731,2591.86,-0.016393558833655675,0.014395131075056078
2024-04-22,62.6748719,79.76979816067814,48.43619687342787,50.09948937140122,47.78380316766361,37.88646849270307,42.98568332392986,-0.4749203915130401,0.1136596663760595,0.2553995850128351,-0.2021436993580403,55.01947171730176,0.0996714469618587,2629.44,0.014395131075056078,-0.0024445700479844845
2024-04-23,60.76167002,80.06671767903852,46.14243756201975,61.16610623251467,49.525158318483285,38.44633609138926,41.18048001300405,-0.4854246385220854,0.1317687733479988,0.3027708579128155,0.145416160274998,79.2971212816057,-0.0504755080197095,2623.02,-0.0024445700479844845,0.01990338916964607
2024-04-24,72.1624288,82.44207382592164,50.72871819376421,50.428564157084445,52.93912060001959,41.20632180792948,39.89160995422017,-0.2487741721030915,0.1909106508849978,0.387734437074732,0.6409718811246328,50.725915349313745,-1.6361408438096547,2675.75,0.01990338916964607,-0.01777072123257284
2024-04-25,60.51043243,78.87903960559696,35.322108279827,64.9511560014164,53.9602488697758,37.36916092170589,41.3889533134806,-0.5846708348083717,0.1854773727391743,0.31724867856346,1.2677088199523896,50.67905770629205,-1.5153995477919848,2628.62,-0.01777072123257284,0.01048647723434648
2024-04-26,67.05562974,79.76979816067814,53.335418918822455,59.050584317836694,58.847108593700206,41.03817453161807,42.47558965571247,-0.5583679244824482,0.2895817561862778,0.4589931329937454,2.9169391214937006,37.506257725404545,-6.029877672704037,2656.33,0.01048647723434648,0.011643596739045137
2024-04-29,71.79257935,86.59894708296709,75.70011647980633,54.026834970739465,61.60508790863645,42.37557100968476,46.6134224814823,-0.404932946268669,0.0905976561705041,0.2389997703188836,-0.7171510887415912,83.99902369504979,0.0414341985659572,2687.44,0.011643596739045137,0.0017176321724505783
2024-04-30,72.10330483,83.03591286264242,75.58068269155918,51.11768907072316,62.89047502334766,43.08799084108231,50.20950110012807,0.0101008345802393,0.1297919128069621,0.3187841180851799,-0.6869903646054597,96.55507733731127,0.0484802605096879,2692.06,0.0017176321724505783,-0.0031288915738123535
2024-05-02,70.11332775,83.62975189936319,65.46118632525186,57.75083837725686,63.11681877391558,40.440854166725536,48.58973237796423,-0.1975422370981062,0.1053240398957948,0.2668044036261028,-0.6858704826447135,88.96956472898012,-0.0129818245569111,2683.65,-0.0031288915738123535,-0.0026192676552083682
2024-05-03,68.23162944,81.25439575248006,52.228632272114986,67.2095807348069,65.21178957618268,44.23034605479816,49.19777611618768,-0.666116667033038,0.0701086089760095,0.2449386409653012,-0.7693565989679453,93.69095106811906,-0.1533469310159872,2676.63,-0.0026192676552083682,0.021338864267913316
2024-05-07,81.96461358,86.0051080462463,79.27458177870484,44.07922823755466,66.95156819640778,45.69039469071743,50.66040607525466,-0.4689277147065798,0.0703854750716456,0.2188707456111674,-0.8466083007740488,72.73931451122859,0.3653358561698551,2734.36,0.021338864267913316,0.0039018848973420006
2024-05-08,83.25446176,86.89012594468892,66.01648285636745,58.26018658280058,69.50049590732321,49.75165030663895,48.466667631251624,-0.513339742627276,0.0793655771964471,0.2499852346201966,-0.621899724483884,67.1865773017164,0.4296601647542152,2745.05,0.0039018848973420006,-0.012061298567214607
2024-05-09,74.32834206,85.7037235727226,64.7763412474701,57.71192665126867,71.92930243885131,45.18222694445881,50.92214188550129,-0.9057811752963102,0.0693306614718334,0.1990633551792126,-0.461684993794862,84.52433662126552,0.0596144934872906,2712.14,-0.012061298567214607,0.005695109119397301
2024-05-10,77.40833928,89.55953128161316,83.90431194591498,62.823828318343104,74.17753178166527,47.96943195779344,53.757282994022034,-0.9791048860595534,0.046687597489178,0.1677312406719321,-0.9241589632501274,54.27563879471642,1.4327368495809638,2727.63,0.005695109119397301,-0.0001539916847539402
2024-05-13,76.71565165,91.33913483956265,89.76424548609984,50.27647330645265,75.42092428341806,46.93773321419874,51.547153839175344,-0.8922232172616158,0.2437255657015435,0.3724650316684094,3.30002320059521,40.51045047415736,-4.009493592552022,2727.21,-0.0001539916847539402,0.0011470349674036484
2024-05-14,76.20148616,85.7037235727226,82.30743297627825,40.454479132391015,76.06359596972226,49.97098962926722,55.08032940333973,-0.8378575481401784,0.1932027018503315,0.3947216561891329,1.9912570361231192,70.2229230030837,-0.6713117859924819,2730.34,0.0011470349674036484,0.008265082593785777
2024-05-16,81.18950679,91.9323360255458,87.77311089914446,53.3240115601348,76.69697876068227,52.58695787798025,55.407741768207224,-0.4509454136252034,0.1398341199594774,0.3016149001270991,0.3316985487941333,62.58718868994832,-0.2914379408978294,2753.0,0.008265082593785777,-0.01036225731053797
2024-05-17,74.26468286,86.29692475870576,76.48017155946894,68.70243752751936,77.35962554086684,55.451300400245216,53.110140039662554,-0.8400235439053364,0.0369832243313165,0.1560461997011827,-1.0904848328930885,92.03745368616832,-0.1959862688593482,2724.62,-0.01036225731053797,0.006409668608967856
2024-05-20,78.51451609,87.48332713067208,89.0410423273624,70.02976004349938,77.7954120931242,61.25227018896434,51.985265611062346,-0.9468743786079632,0.1702769576288124,0.30429519883673,1.6815883997912018,94.207914759414,0.1739195686189712,2742.14,0.006409668608967856,-0.00657117205961999
2024-05-21,74.59117763,83.03431823579837,83.65677009570584,69.25984995168832,78.73958042151756,55.424059721770945,52.41853469029557,-0.3784699205057901,0.0823141140485348,0.240253310508193,-0.5939956371669902,98.90516771395654,-0.1985860965582412,2724.18,-0.00657117205961999,-0.0002643346492030574
2024-05-22,73.89850885,84.81392179374787,63.86355256865042,70.27702185514646,79.98527764611201,59.734840052221614,52.12473000048243,-0.1697906273377041,0.0604598857067079,0.1905425880894476,-1.0108605120127905,87.73177076599123,-0.0215531711506764,2723.46,-0.0002643346492030574,-0.0006060305735067217
2024-05-23,73.75907427,79.77171171289098,53.8322662504191,79.27073779118089,80.88427208214995,55.85368799914976,54.831649706720626,-0.3322946945686543,0.0615367667604054,0.2191586281896099,-0.8753064753944759,120.31131189147212,-0.7869950798839849,2721.81,-0.0006060305735067217,-0.012648498112712403
2024-05-24,64.60063005,75.91590400400042,52.57770944827336,73.56213532637268,81.5191563332725,52.97019338668293,51.253654037259984,-0.07117728757342,0.0409109271768731,0.1626564049456511,-1.2335466311419254,109.88428431351204,-0.7710187323610833,2687.6,-0.012648498112712403,0.013081939200896286
2024-05-27,72.13986145,80.06831230588256,67.71838914033862,69.47327672343334,82.35240851286723,50.74057264171222,49.6567294298451,-0.6748834941049673,0.0908982896662544,0.2169094043220087,-0.1232304434036624,88.45147625392335,-0.0199568149145057,2722.99,0.013081939200896286,-5.141539231079406e-05
2024-05-28,71.96952922,82.44111704981522,67.85910702173896,57.02780410035487,83.20453811458188,55.33006821998237,52.721999540422125,-0.6285746758073273,0.1299447895705031,0.2734178029331003,0.503530288835223,111.8219507802336,0.1182505640527513,2722.85,-5.141539231079406e-05,-0.016870301867887072
2024-05-29,61.57724161,71.46689510912671,36.45350696019417,62.096697499795695,83.25824337883445,48.10968238709313,52.84784507493023,-0.619547692281139,0.1642529007860226,0.3284845784454233,1.08438961409203,72.56994524169187,-0.3470598950224983,2677.3,-0.016870301867887072,-0.015758673029125703
2024-05-30,51.43848327,67.31448680724456,16.007483274549767,49.23216379188471,81.48486793605805,41.09489133236393,54.79545382103175,-0.6914895700204486,0.1563371937736138,0.328688775426058,1.0366466692815173,108.63255411759712,0.3529822579282078,2635.44,-0.015758673029125703,0.0004097147987121019
2024-05-31,50.36115135,74.43290103904252,25.63359399786817,57.900529599079285,79.756620110626,40.88946604462135,59.063693664960745,-0.7646286496056954,0.0941033373287401,0.2683290855852077,0.0136130377275783,101.9792333091589,-0.1664931740897007,2636.52,0.0004097147987121019,0.01729678545237423
2024-06-03,61.41579097,83.92412001477312,71.93853909458328,61.24732699412368,77.9226673705985,46.385726024516565,65.01815421510732,-0.6811138591210255,0.3646198126204381,0.4833466836192787,3.959873671629382,69.23162486410143,-2.365765342240876,2682.52,0.01729678545237423,-0.0076413662191265885
2024-06-04,56.43642996,77.99210815494149,54.29295061023227,62.43229284313978,75.87710358613403,44.389668829699794,62.98777458941552,-0.7854680636321008,0.1749540689524253,0.3242233046966531,1.2952709135914462,64.53998889392977,-0.7060949394327936,2662.1,-0.0076413662191265885,0.010240017723770478
2024-06-05,62.2374293,79.4751111198994,42.39880402551005,77.0917378225826,74.65958676790756,40.99478999120176,64.0332334937411,-0.9600035432885352,0.1366378097860527,0.2829007185779649,0.8686722588377209,71.22444732185286,-0.1501298866672775,2689.5,0.010240017723770478,0.012257713752256372
2024-06-07,69.62185232,77.39890696895834,20.216841241340735,64.71068046542037,74.90564636314241,43.15286336678349,60.24829719284439,-0.6459712058595771,0.1378618360161242,0.3111896046931611,0.4548283843281006,88.41113464609528,0.0132347576452436,2722.67,0.012257713752256372,-0.007928004001574784
2024-06-10,63.01746411,78.28870874793307,26.35421676639188,66.40560171585827,74.53608313104215,44.278673526932224,58.008404186872106,-0.5594062498366705,0.1017834608886911,0.2844895320304116,-0.1548224115251099,71.61407580796454,0.1397403531234882,2701.17,-0.007928004001574784,0.0015351922652468986
2024-06-11,63.01343052,75.32270281801726,24.222172907109368,67.78067029140799,73.88603373650234,42.900781895481515,56.121634605101185,-0.9701844407804772,0.0663571500027786,0.2152985862176094,-0.4320042679848083,66.26155535808064,0.6019313617663852,2705.32,0.0015351922652468986,0.00841085000806352
2024-06-12,67.90426947,80.36491289887414,38.186062476430024,71.8438324963517,72.81713389714261,44.7855414617179,54.37714919785113,-0.6400052039511863,0.2715919450823394,0.4223648649127686,2.3185222039905553,67.52940828808855,-1.6305812194231395,2728.17,0.00841085000806352,0.009746459647886674
2024-06-13,73.10357648,80.06831230588256,45.0243593568463,51.53500385618531,72.87392995584567,47.28303854826374,54.14864426737667,-0.1912470822459211,0.0901527693791948,0.2577994002682941,-0.678208146215818,80.60884467914897,0.0919731787467766,2754.89,0.009746459647886674,0.0012805376379585454
2024-06-14,74.5270337,80.06831230588256,66.14966455817265,48.76375882800886,73.7326721172596,46.238636552185504,52.48376369495704,-0.4192930281327846,0.1489675533233692,0.3406162697935439,0.2314967992121401,48.747031526462855,-0.7343817707737694,2758.42,0.0012805376379585454,-0.0052048996927061
2024-06-17,70.68523997,75.02610222502568,54.274086301026955,46.26923272806353,74.37092253783058,47.283586397989325,53.33892640773656,-0.8014275650771535,0.1218438493667039,0.2776460384459939,0.2907791640186223,76.21826301548694,-0.0168087735595723,2744.1,-0.0052048996927061,0.007196809578201346
2024-06-18,76.28166482,76.212504596992,63.16658431539183,54.73850904493144,75.48829862719475,47.09482804942766,55.59060846066721,-0.5419218800116272,0.0942898491351255,0.202071879598664,-0.3684894163601153,106.9678590140294,-0.2148520264817286,2763.92,0.007196809578201346,0.012015428887624857
2024-06-19,84.05647109,67.90768799322774,77.45468293966368,60.51357497805137,76.90601951086477,51.95993884852016,58.66292063982243,-0.7214739722626968,0.1717803850950469,0.3491834764821484,0.947317103223283,75.93006688510727,-0.3034854126923714,2797.33,0.012015428887624857,0.0036753202857280343
2024-06-20,86.23916349,77.69550756194991,95.13135403629131,63.334861285699816,76.85385768902296,54.027383653703545,56.897268810508926,-0.0439511185276425,0.0658991487193726,0.1704698926486356,-1.0532057271595483,74.2218216468032,0.3541386966915679,2807.63,0.0036753202857280343,-0.00835858218372465
2024-06-21,79.59523877,69.9838921441688,79.70749752891551,50.58683451855389,76.20957147105052,51.05578687354914,60.576749118090746,-0.7023932621108453,0.1030474636832397,0.2513289783233035,-0.1015185507145355,163.3931592087421,-0.4217333139417858,2784.26,-0.00835858218372465,-0.007039147896072073
2024-06-24,75.23802811,62.86547791237086,83.33424402907298,64.95489897896493,75.79693719318446,53.10164734691004,58.77321493986459,-0.3254930020141277,0.121461878594093,0.2857111886353679,-0.186224703764009,73.75639023818474,-0.0183300873768576,2764.73,-0.007039147896072073,0.003487922194611137
2024-06-25,77.08036533,74.43290103904252,95.97851820592612,60.411909825095,74.93290805074037,50.60180389046561,58.8111805741748,-0.5400920402767325,0.0690323463795575,0.1927971978690341,-0.6580800171642951,86.65093927775281,0.0076973834826933,2774.39,0.003487922194611137,0.0063451898345698865
2024-06-26,81.56731147,71.17029451613513,96.19060114878556,62.83469405807776,74.37092253783058,53.00083730176844,58.61073934654725,-0.5924619096354202,0.213873546170663,0.3911809586122039,1.5030886047078795,57.39834365240919,-1.6644316275059508,2792.05,0.0063451898345698865,-0.0028657990851543858
2024-06-27,79.99582853,66.42468502826982,83.6816429640248,60.42853882909974,74.35713399301538,56.84523983265238,65.14447084693134,-0.8138978550017604,0.2418868495185998,0.3882060902525956,2.2649536309997695,71.33388850215488,-1.029316779751847,2784.06,-0.0028657990851543858,0.004930248544368077
2024-06-28,82.30913545,76.80570578297517,94.0996992319553,48.92576631765968,74.93290805074037,62.07759394668382,68.73976300013301,-0.7591478839124453,0.0471235498769265,0.175880466253616,-0.8729324109134059,81.07593957818847,0.2124990591632832,2797.82,0.004930248544368077,0.002316976901071577
2024-07-01,82.36978129,78.29220939870872,81.96514615687079,49.19246448656769,76.2360599299468,62.72208415715319,77.88683771330787,-0.6271615958291624,0.0979594771268265,0.2970600761143824,-0.217758018383622,64.28546637786337,0.2659873693145687,2804.31,0.002316976901071577,-0.008397287028608424
2024-07-02,77.03411116,61.99668003805002,70.28878852747143,66.52346361464949,77.66773910207154,55.393317586364375,77.7676437449269,-0.6773714940583058,0.1322828957859969,0.3125838001477972,0.3208748952440398,105.79476552867042,0.1115411434438967,2780.86,-0.008397287028608424,0.004717607545525304
2024-07-03,79.84497026,55.47846829378654,40.51699230273661,57.62328788123122,79.15976040505319,59.57170984913125,76.09696382082294,-0.8425038048790641,0.0975631723560731,0.2381300154094497,-0.0509596332407407,77.48037238306395,0.1037316236163579,2794.01,0.004717607545525304,0.011009285508369437
2024-07-04,87.8113689,63.77437415012188,33.888030230292465,81.71454376886048,79.4168184047754,60.37840370462716,75.45840571928346,-0.3573730331507351,0.2826700550040891,0.4286879794046651,1.685581635868019,67.93556527516677,-1.707442413535586,2824.94,0.011009285508369437,0.013113915852743574
2024-07-05,98.30678413,70.29258589438537,29.073923230856337,73.6022040206033,78.65246262944585,61.689361639991645,74.29370708088618,-0.7507779983359403,0.1224729760814875,0.2588914738057216,0.1934386300398537,80.52198574724439,-0.0118610861413063,2862.23,0.013113915852743574,-0.0015629401135086596
2024-07-08,96.18559123,75.32938587858897,39.44398325317242,67.82789143374318,77.69330707070972,63.2785347936987,53.319238870114845,-0.5857924845458142,0.1417736111969989,0.3417619622444396,0.2690531714591556,107.37692847313106,0.2046368254558708,2857.76,-0.0015629401135086596,0.0033606196717750336
2024-07-09,97.66402148,79.18105645474465,39.49014209486062,64.49364221602168,77.17878965367566,64.19172685367333,51.46119466509336,-0.0739794157363346,0.1041004095547128,0.2648313538329589,-0.7298743247052074,69.06623581141655,0.1432264414682431,2867.38,0.0033606196717750336,0.00021271513513454465
2024-07-10,96.75475476,78.29220939870872,45.581281317759384,68.03728705578841,76.48689145265325,61.97621661523274,53.64609967334684,-0.9464237085673144,0.1203720426746953,0.3018506170842123,0.3316499380221182,90.46528740401692,0.0025745848468053,2867.99,0.00021271513513454465,0.008112085100743904
2024-07-11,100.0,79.4795617182937,39.44609257743454,68.71515132778863,76.8016302427275,61.92193502648996,51.11743158688227,-0.5501136113392491,0.0619126588489963,0.2231446454667561,-0.90287109395334,201.52219345443095,-2.02857611063193,2891.35,0.008112085100743904,-0.011951397833054322
2024-07-12,89.64336825,78.88763213185176,20.48077204108809,45.85832858619924,77.16584180640321,56.3808810435029,50.62576691172362,-0.6894021192801154,0.1064257344883269,0.2253728762987329,-0.1203774834682281,81.84429401682617,0.0318126124617868,2857.0,-0.011951397833054322,0.0013711281774249073
2024-07-15,91.4032419,80.36745609795659,26.90283739046975,32.96376632852452,77.60374626873177,59.32428100262054,51.02572142570484,-0.9833782632345968,0.0960307106593686,0.3008980071482556,0.006399503046899,48.08273273933708,0.5685293862576553,2860.92,0.0013711281774249073,0.0018054801386462316
2024-07-16,93.01477817,77.11184337252595,50.113987081237966,53.49110715824682,77.52681752005182,57.2422823075216,51.25562068411433,-0.7772700955464991,0.1339436190759048,0.2412630491499068,0.441152587998823,47.839067982071256,-0.3802241541159519,2866.09,0.0018054801386462316,-0.007986899173617168
2024-07-17,86.4628343,77.11184337252595,43.84693194289977,56.83434520158127,76.94509776884,51.54258436592494,51.67234190658157,-0.1259649786831545,0.0462956442267829,0.1764918594873774,-1.3229644598358172,151.61600533674246,-1.7080718304648563,2843.29,-0.007986899173617168,-0.006683582762679663
2024-07-18,81.84922276,68.52886436911793,36.86610581087012,60.7103076527676,76.06359596972229,47.86606490317472,53.98659648096285,-0.3272656757399002,0.0622943323038267,0.1567208748861903,-1.0136750985291827,86.25275602872108,0.0197413078015457,2824.35,-0.006683582762679663,-0.010281576956645111
2024-07-19,73.23682651,66.1611460233502,23.469699368735657,50.58111101567909,74.94653301000615,47.466604729032056,55.43405275442648,-0.7159305464254587,0.1375427890757523,0.3064419158191896,0.4641080293873975,70.92141894231739,-0.1611215524514415,2795.46,-0.010281576956645111,-0.011495061787529792
2024-07-22,66.22602237,56.394307847058286,20.89909903387185,65.71245226930303,72.26029085147373,46.03235007604652,57.98466769630652,-0.9280908170156764,0.1118010477843475,0.2680405476538336,0.2485265433057389,84.87260410849848,0.0072416318027997,2763.51,-0.011495061787529792,0.003893247721613591
2024-07-23,68.37602485,58.76202619282602,17.50986939665725,63.65382268264729,70.61608424235492,46.509197174859366,61.98690954859468,-0.97182495834085,0.2018362853273207,0.3858992417272088,1.932711995258406,55.92823644729682,-1.5441018158878488,2774.29,0.003893247721613591,-0.005631679442500648
2024-07-24,63.12503208,59.64992057248893,15.90845388314882,67.22683965957926,69.2901863013782,41.6023508420591,64.76504901267869,-0.669596855000572,0.1345378334136425,0.2779059518773784,0.2748450722910551,62.797015640956666,-0.2157492240330321,2758.71,-0.005631679442500648,-0.017574720633202645
2024-07-25,51.06069384,48.40325843009218,4.3799021347125855,51.86131789792944,66.25039899719066,36.373564012747536,66.38895045137306,-0.6088618680801774,0.1549422966234979,0.3255465962524405,0.4911368860088171,109.63361706072097,0.3538876596817722,2710.65,-0.017574720633202645,0.007808879287400039
2024-07-26,55.17053577,72.96833626743243,24.850096691285927,71.81713541240082,65.13262787801663,37.57463665906872,65.38400492290585,-0.4574712126138071,0.1991596359188684,0.361374168912853,0.8580060717611564,44.573222977376886,-2.258215907840858,2731.9,0.007808879287400039,0.012234960524141414
2024-07-29,61.69066232,81.2559835573911,37.35925509380558,63.01798295854613,66.5159652668118,39.53605055258184,63.315852049192955,-0.9877474850336472,0.1155096487283071,0.3139969052416209,0.282434216848224,34.09231882176336,0.1303036231755413,2765.53,0.012234960524141414,-0.009935180165020263
2024-07-30,55.13570392,62.65008561008072,18.172455375791337,63.8333734522012,66.03108726263629,39.5988495046413,63.0185682389892,-0.7030388238928051,0.1042583500148692,0.2468890909550066,-0.2173910191289857,86.65992346265195,0.0021882168551178,2738.19,-0.009935180165020263,0.011799268475880531
2024-07-31,63.35136649,75.94001271530242,40.27535578863901,64.56855245395103,65.88981342774812,42.309448557909754,59.32442991686908,-0.9387721953772924,0.1432151760744504,0.315306951452856,0.7188353771055693,76.15873794846988,-0.1366795053894387,2770.69,0.011799268475880531,0.002519660259899581
2024-08-01,62.89505234,88.63927639362537,49.894328991410326,58.90071233185207,68.44263977488089,38.70132005923397,76.20934979171614,-0.9574750226960616,0.0954855879984419,0.2199104894320949,-0.1476099705753549,88.65137570726867,-0.018905962430735,2777.68,0.002519660259899581,-0.0372219056721832
2024-08-02,38.49493763,49.95082193175776,17.28652095399449,25.079541503412425,62.46894246492667,22.64964409050846,75.28640300377509,-0.7915610694507401,0.1523990920914472,0.3318955113042968,0.8443892596225131,133.43544999077727,0.6085921349868336,2676.19,-0.0372219056721832,-0.09176105771678333
2024-08-05,0.0,0.0,0.0550996952837291,41.271908614179665,18.50835113003902,0.0,73.94990762482806,-0.8287844780585668,0.1221495282924045,0.29350850834663,0.3507652254658346,151.71656370615457,0.0783411335035276,2441.55,-0.09176105771678333,0.032478628856452474
2024-08-06,13.60700708,79.38141852764923,5.93374910073812,33.364283245388066,2.3877796124215394,5.085108186698109,74.47076662917058,-0.7717675848230682,0.1270890791604457,0.2560348810732492,0.3714760195094412,126.20669817236556,0.1302571038322793,2522.15,0.032478628856452474,0.018175318024780118
2024-08-07,23.79587432,85.62490088375647,11.797496178195994,70.56985932731331,0.5840239226902919,10.928289996781835,76.35742245200642,-0.970929108377813,0.1637941825198568,0.312343232756058,1.4274702610687546,107.08358027981076,0.3958042976772121,2568.41,0.018175318024780118,-0.0045579321621431745
2024-08-08,20.5298171,81.8342151675485,9.977051793330704,61.270714320079165,0.1217816305153798,6.731670262206624,56.60517941554912,-0.7801268917768334,0.1590345450279107,0.3112061700242574,0.9533422371029776,91.54774882365848,0.0872131932903942,2556.73,-0.0045579321621431745,0.012322416062772845
2024-08-09,27.13006429,85.62490088375647,26.31938520861373,61.34902384919971,0.060809774300213,15.658812356521592,56.53461066028965,-0.962435763906271,0.1207910488131181,0.2891419240745618,0.424143539581742,69.03893709366503,-0.0191362398839204,2588.43,0.012322416062772845,0.011473737908347381
2024-08-12,32.72846914,87.63173449821952,28.292515451640725,58.50418700885539,1.0171374472794703,17.59865823621084,56.53342070094837,-0.97799168622894,0.0482907364424988,0.2097453372680059,-1.1651785454304695,65.9569755812863,0.8228726224992985,2618.3,0.011473737908347381,0.0012214208167602436
2024-08-13,34.63014139,85.84788239647459,22.28117613546213,34.76044241413555,6.843859066411444,17.816918093442734,56.16981654333778,-0.962338422611236,0.1110307959318483,0.2433052610818326,0.2843916081845379,83.59598428512757,0.0130267094061623,2621.5,0.0012214208167602436,0.008735338493447209
2024-08-14,39.24038528,86.73980844734704,30.55916200648103,39.21892056903784,12.673652280885578,22.404341252798545,55.15315396433371,-0.983415158845546,0.1006416329224456,0.2741209078106026,0.057744803974742,111.21994248650137,-0.1892592103601501,2644.5,0.008735338493447209,0.019743308938243054
2024-08-16,51.07428695,86.51682693462894,39.52385078811276,59.48690819766643,22.619849176900424,31.051161838181756,54.689127329280794,-0.8483826461596271,0.0257272591315349,0.1708973583391557,-1.6936014362539416,118.19401838884524,-1.2088434983410448,2697.23,0.019743308938243054,-0.008515221076025092
2024-08-19,45.97003793,86.96183704761765,34.033539876181315,15.955319113954047,27.10346733455209,31.8942646905016,54.57063431721102,-0.5654607722479363,0.0761574090787053,0.2544849457451229,-0.8404022149572218,131.79200486751182,-0.7510706670146863,2674.36,-0.008515221076025092,0.00829274589036011
2024-08-20,50.60273495,90.3029863167112,39.994019932303225,49.664589739288175,32.22108574683542,37.83276768366075,54.65274463140143,-0.5561127441025128,0.0729184768169786,0.2240893169186047,-0.8899884983018324,108.66268171326038,-0.4325488939538897,2696.63,0.00829274589036011,0.001667358697878818
2024-08-21,49.46089015,90.74847288592368,42.850408100260715,62.174871512270045,36.08509246796473,35.71751549664708,54.88745261346203,-0.2296428859253182,0.0941134284868698,0.2053235726624209,-0.8586211034861325,53.94612893188371,0.4971419164954541,2701.13,0.001667358697878818,0.0024182824978593587
2024-08-22,50.53915493,86.96183704761765,41.48252719934163,53.78678210797237,37.6026565097587,38.81910028291416,54.36124732705685,0.7563635847906022,0.0128912609623361,0.0880935303470196,-2.0726499553096467,129.05495799635932,-1.770380456357203,2707.67,0.0024182824978593587,-0.0022109833459325046
2024-08-23,48.76865688,91.63944602434864,38.426721834489555,53.74940435964615,35.38203563956011,43.65333655678256,54.55357120532208,-0.8134692432316375,0.0316994265083303,0.1385984561876429,-1.4174632042303903,108.21795463336528,-0.8057814014786003,2701.69,-0.0022109833459325046,-0.0013630388983640884
2024-08-26,46.46883529,90.52572960131744,32.84845400178915,61.436107324312005,39.04099772071582,40.116863294135705,55.51796673033179,-0.7283000803365061,0.1016722529646119,0.2530539530063332,-0.0246586752918598,158.34945213783732,-0.435639373697636,2698.01,-0.0013630388983640884,-0.0032521198979393873
2024-08-27,43.99155369,87.40732361683014,20.591290557646296,58.9071193615827,41.14301130307679,37.36688792924818,55.79045856699515,-0.9484421661414678,0.0749750329603427,0.2352371471611451,-0.4030713823601639,75.33425688809226,0.2658951828218666,2689.25,-0.0032521198979393873,0.00021565026073133708
2024-08-28,44.87559036,85.62537733998022,11.77438235328676,54.006085489079005,44.16490576859509,40.33437341445128,56.43360283510312,-0.8888411439389836,0.0652862439120104,0.1915114908724709,-0.6855936358302412,76.38202099240355,0.2934444571546773,2689.83,0.00021565026073133708,-0.010295096077119759
2024-08-29,37.65737877,85.17989077076776,6.1192914616399525,54.80368905249669,46.47186832579452,32.74412975027949,61.26268089202075,-0.8693567115303599,0.0981540836217229,0.2773989231097127,0.0588097762325822,95.1221824640539,-0.0783261041897888,2662.28,-0.010295096077119759,0.004508504635890809
2024-08-30,39.60278159,86.29360719379895,9.92762465135894,54.729025001241226,50.68676987329393,34.28311529001891,61.38629401600715,-0.328708044763298,0.0261791136791382,0.15671243001264,-1.706529041112579,70.6278263091027,0.8137829527637707,2674.31,0.004508504635890809,0.0024984561043419617
2024-09-02,40.27496861,84.06617434773656,10.330735345299123,57.28274331830493,53.449968684877305,46.76544889817695,57.74650391151759,-0.7987271520574744,0.0811449681955733,0.2423925063555549,-0.2977522947926252,56.996140030796035,0.6710059100402126,2681.0,0.0024984561043419617,-0.006124648047713954
2024-09-03,35.7671509,85.84812062458647,10.809291952743704,40.39098665637848,53.50102363858492,71.08337614837193,58.80368169340879,-0.6504777269452402,0.0775936237859496,0.1966449064149688,-0.5056580135361847,102.89814126823408,-0.2933300929480428,2664.63,-0.006124648047713954,-0.03196578281730034
2024-09-04,19.1604347,72.9290101174247,4.153203059262978,4.4994855598516095,42.17891174709605,51.847999452630624,58.16197398789079,-0.5816037621780964,0.0820856908833105,0.2488513306189842,-0.4875216740805498,115.15047893884405,-0.4364409736712206,2580.8,-0.03196578281730034,-0.0020557383653052597
2024-09-05,18.25469808,74.04272654045589,3.403694419232285,28.564774486065716,32.94619312867596,45.51968209427611,57.572809849316066,-0.709453816984206,0.0886717634097894,0.2531567393737006,-0.2173270737979969,85.49354489406926,0.0217947465285952,2575.5,-0.0020557383653052597,-0.012195987709020528
2024-09-06,13.52255127,61.123616033294105,1.0243551870470382,34.5958418565391,21.652914776612757,43.9228809134097,61.96791976261081,-0.3336065467333201,0.0772640904994424,0.2036818670489781,-0.8056985801269466,113.0955409371952,-0.4620037638497198,2544.28,-0.012195987709020528,-0.003287268644118768
2024-09-09,10.74235749,72.26078026360597,2.3541594127512746,35.88892776661979,14.629475264230486,38.76140623707535,64.79969531038306,-0.2728875759481366,0.2986374546489623,0.4028233455700529,2.538699511010916,85.5517572628388,-0.1247881260585137,2535.93,-0.003287268644118768,-0.004941346507963296
2024-09-10,8.618935257,70.47883398675609,2.889864198735391,27.37850414004241,10.96384718237291,33.99177649836463,63.56643485556999,-0.4799250331925617,0.0925360392928047,0.2575094753271679,-0.3839909092972419,104.36837325442676,-0.2028214588675496,2523.43,-0.004941346507963296,-0.003994605057644485
2024-09-11,5.00021085,68.47414442529993,1.185840511616134,16.003939633897314,12.63808660378743,30.127273078266743,66.42174274639443,-0.6757406473266837,0.1235137589706906,0.2643098198566109,0.4371492764647082,104.41792764138322,0.0362516269050924,2513.37,-0.003994605057644485,0.023094315882354444
2024-09-12,16.51020714,85.17989077076776,11.858580131537094,49.09462827590473,16.299299038441912,34.907988952852016,68.15673789514398,-0.6028045013187594,0.1792721137583291,0.3448894579329205,1.366098130285258,107.40837791996113,0.5397940445144692,2572.09,0.023094315882354444,0.0012899467548761478
2024-09-13,16.5431604,86.07086390919271,24.79955923631543,63.87736037093104,22.286339829417113,27.45781268544566,66.1288898340214,-0.5225321198942289,0.2180622129819764,0.3928965338788724,1.818425293973716,102.88106575248618,0.705256041869857,2575.41,0.0012899467548761478,0.002090683646821745
2024-09-19,16.15581158,84.95714748616152,31.50330319361363,58.1029567873999,26.933505824795812,29.912964428147887,67.20453990819739,-0.6685430543932748,0.1205239711575276,0.2797560774116382,0.2921844098249139,183.0473605200032,0.0535513069335459,2580.8,0.002090683646821745,0.004858759850911554
2024-09-20,18.25447741,87.40732361683014,53.5046058981366,61.904252455964105,31.093102203371497,28.267511221457724,69.32494193425475,-0.886801584988574,0.1119333091075557,0.3100470418601373,0.4126354920205016,125.492374134557,-0.1070196403171578,2593.37,0.004858759850911554,0.0033260350407493533
2024-09-23,19.91119572,84.51166091694904,47.59765402775556,60.943806689202994,35.07996073618782,30.061245212657944,63.248458339240834,-0.6130281860594908,0.1992831633011717,0.3629033925908603,1.794461459478533,77.43817496823361,-0.3943437362933265,2602.01,0.0033260350407493533,0.011338202243975637
2024-09-24,25.33950419,86.96183704761765,63.277562553637935,73.08375751704482,34.242353429422664,32.57159772088288,65.147594283493,-0.5061818729841808,0.1003459793350488,0.3052097022924998,-0.2681374070898158,71.1993495615175,0.1560509861999634,2631.68,0.011338202243975637,-0.013527367715354899
2024-09-25,18.70209482,84.95714748616152,49.161381923813366,71.61914878712467,30.8062728626687,28.85996441349566,66.26276117442045,-0.6347685157404717,0.1212809001780184,0.2976076923733239,0.332032720000478,95.308023776697,0.0095006909624121,2596.32,-0.013527367715354899,0.028571256771273923
2024-09-26,35.2497568,86.96183704761765,68.9883746848293,72.35008759892524,25.78659234102174,39.52412070040818,70.58031454498398,-0.9434193778314602,0.067025329964154,0.2224970093684525,-0.4997425880064981,98.9650872307783,-0.2830666142988086,2671.57,0.028571256771273923,-0.008189696896414134
2024-09-27,31.97649979,85.84835834420718,62.580930861804326,54.29591558372495,20.091653904784735,37.884749909549285,71.72087128531605,-0.399378762149686,0.141088376057924,0.3078318280691606,0.3558995583037484,137.8682184571717,0.4344225496886216,2649.78,-0.008189696896414134,-0.021556990053801073
2024-09-30,19.67047157,83.17829156438086,38.22325980574115,66.72122870807642,15.684831986984344,30.205810719365537,76.46625817163581,-0.7286095129264463,0.1351979029233587,0.2879118085034052,0.8519186721201029,127.48224917415806,0.2650773720451978,2593.27,-0.021556990053801073,-0.012252430695961714
2024-10-02,14.47162925,81.8432581744677,19.00770840757796,85.24146466558405,12.242760989976023,29.826925723137215,72.3040168364301,-0.2448172572385687,0.1236209754548621,0.2971007367248506,-0.1301569616029,97.97154007922882,0.0241504341203094,2561.69,-0.012252430695961714,0.0031258551390518363
2024-10-04,16.22403145,84.95833608426507,33.9146396587161,75.97136916126183,10.645903334032036,30.161470900517447,70.83686934239736,-0.4161235654515798,0.2132557076725759,0.3572982038590938,1.748361059880218,69.34538177414858,-0.9023485535875784,2569.71,0.0031258551390518363,0.015702752533337083
2024-10-07,24.24086922,86.73838060414928,52.56974995754861,67.44844389994702,10.819938699181254,35.025740474938345,68.00016298906932,-0.5187234997593269,0.1041602864074973,0.2606858358901431,-0.0008232217952309,96.3475921491628,-0.063510994314321,2610.38,0.015702752533337083,-0.006155946537463208
2024-10-08,20.28698277,83.4007971293664,37.98686767337418,62.592721298959205,10.645903334032004,34.70606665815591,69.50379596159694,-0.6948116807272625,0.1982400590832124,0.3743849747600575,2.295925929808522,119.45936212909965,1.0669787355397515,2594.36,-0.006155946537463208,0.0018484578346544822
2024-10-10,21.98040072,85.62585277922165,64.4231186851126,63.156703340749424,12.4525079564187,45.38025014922131,66.78868033552907,-0.7523428980933159,0.2434455029348835,0.4015161881213246,2.860367954673849,80.35373687025114,-0.4163962704992478,2599.16,0.0018484578346544822,-0.0008660391952490798
2024-10-11,22.57864081,84.51332495429402,69.84834448159287,57.176383488140694,16.215076432469516,46.15565712804905,70.02303844795793,-0.4624708899406189,0.0378871583085778,0.1737192576339808,-1.252926245810603,138.90401904280048,-1.6052060930637917,2596.91,-0.0008660391952490798,0.01010697849185771
2024-10-14,28.77479091,84.95833608426507,68.0218671641101,59.973975737672426,20.808396827733507,53.12037011524231,70.5608439426203,-0.0762929997934369,0.1571959417736151,0.3199108050003365,0.0152209375962972,76.04976595521343,-0.2173497599475344,2623.29,0.01010697849185771,0.0038655184205751425
2024-10-15,30.83333701,85.62585277922165,54.35865121604776,48.96204234411529,26.28697725809778,55.072356470553885,79.54426738469567,-0.3402243053789178,0.0528114767852441,0.2052472508382645,-1.0804641408851496,94.7431707820122,-0.2389745565247125,2633.45,0.0038655184205751425,-0.008806630763475987
2024-10-16,25.8620222,83.6233026943519,54.452038598582575,62.16704384957568,32.11365902829942,53.44746193427583,78.5075547524462,-0.7184646219131738,0.1691724924122235,0.3676134307406727,1.3243488750597767,94.32544220543969,0.1728408900026447,2610.36,-0.008806630763475987,-0.00040615672843546946
2024-10-17,26.75807342,83.84580825933745,49.40048398220372,67.1007295065329,35.525446997293585,57.3493656021391,80.44359169475084,-0.3929951600053821,0.0837443504556757,0.2472659480739952,-0.5938350755118845,94.70863337337155,-0.1264570172963346,2609.3,-0.00040615672843546946,-0.005950293544528584
2024-10-18,23.85409933,79.17319139464138,28.33282605281787,55.29356419343735,37.52142633679911,49.140012522226925,79.20385302445767,-0.9884186432099332,0.2135856131276679,0.3773150245487796,2.590902018360207,84.31119491368811,-0.1242367105275206,2593.82,-0.005950293544528584,0.004270271976507978
2024-10-21,25.7349079,81.39824704449666,26.20886216975143,58.10329555245944,39.00813263270275,50.51017479975496,76.99983261625377,-0.5734031923491898,0.1243384646707258,0.2959500278840013,0.1687821026007829,95.14766927434162,0.0209452135226894,2604.92,0.004270271976507978,-0.01322372919997239
2024-10-22,19.74915591,72.49802444507559,17.480265678231316,48.70626890339425,38.25444835485522,47.66476996399609,70.13918589601921,-0.9122587249392275,0.1816873806069941,0.3381102185448169,1.7299990524653923,138.83799698386397,1.245390003429305,2570.7,-0.01322372919997239,0.011187045138722596
2024-10-23,25.62323801,75.61310235487295,27.799608786643184,63.722847348439075,38.43428483073775,49.59711141039085,71.99711147996263,-0.5902089112528257,0.1279516494107463,0.2865008941064343,0.1923115973060053,115.37577250754616,0.1091476368551631,2599.62,0.011187045138722596,-0.007176736429060249
2024-10-24,21.0615519,67.602902015394,32.31993882550612,40.87406026855238,36.80902268788302,45.10672217358917,74.28620635889779,-0.908291021653803,0.1790636724432957,0.3429234919988619,1.5986597093266617,104.48854554483336,0.4676343354300463,2581.03,-0.007176736429060249,0.0008674941968802585
2024-10-25,21.90963874,61.81775732577032,47.24844557090221,66.75418622660003,34.62071750971264,42.380214890644766,75.3796169363188,-0.8554859090942224,0.1456898577477019,0.2987035982841027,0.825835269805354,108.3383741989437,0.2497028338171342,2583.27,0.0008674941968802585,0.011224784405994725
2024-10-28,27.34181503,80.50822478455454,50.34691424433824,60.57137567088699,33.023717141804504,50.44418228894254,81.06480291411637,-0.5896760999012809,0.0958196969383114,0.2727390488072746,-0.4284785789581513,118.87758599137469,-0.3043579317296968,2612.43,0.011224784405994725,0.0020534477018987474
2024-10-29,28.82837405,79.61820252461244,58.236731701870895,54.56241490447834,33.4280113630431,42.0876903473237,80.00049668796716,-0.7428933250003401,0.0382139002869602,0.1395323449703067,-1.3472302167220285,75.98818713887411,0.4594036924726665,2617.8,0.0020534477018987474,-0.009214143810776676
2024-10-30,24.4300269,81.62075260948217,67.6293858973188,57.733951588530466,33.41242560414387,41.293592195465465,78.09612969159566,-0.8935303540493142,0.1909400863355816,0.3531302913748116,1.7047429484878338,56.95056173474348,-1.2865531719701868,2593.79,-0.009214143810776676,-0.014617906325330665
2024-10-31,16.87142877,82.28826930443876,62.32227809792145,47.51397490001175,32.544255161456555,43.859247933944225,75.91332105457519,-0.3600908797333633,0.1539484150348077,0.3561072386285157,0.1033659365735952,75.43878410404507,-0.2109051982762099,2556.15,-0.014617906325330665,-0.005409436728340822
2024-11-01,14.55957714,76.94813574478611,37.54486285262858,60.92949351707363,31.274852707187065,46.40315121857961,86.31372277423603,-0.715895360969233,0.1092855243749083,0.2898786941640987,-0.1337311873056278,101.67423058780604,-0.0630434869438595,2542.36,-0.005409436728340822,0.01816732970571522
2024-11-04,23.17034077,83.84580825933745,50.257784079631726,79.92945892384165,29.90822749497313,49.741996194786246,86.11712863279061,-0.1499855843370721,0.0674549225559022,0.2267124857601205,-1.280529579271504,65.28922725105741,0.6213121030178368,2588.97,0.01816732970571522,-0.00468074840489674
2024-11-05,20.4891292,85.84835834420718,42.61805820337738,69.97840729806967,28.322461385077492,42.06633998876118,85.63793455762622,-0.4488016857914865,0.0752935014929965,0.2593686943200174,-0.9541290252877072,122.1013766494432,-0.6252754160728757,2576.88,-0.00468074840489674,-0.0052019516611272465
2024-11-06,19.57442909,78.51373993338365,64.27586674306099,44.34441039911445,29.537582316988093,44.66522609742096,85.05679871612612,-0.5162909979859103,0.0559036405648054,0.1853844782781878,-1.1933536612001276,123.44796298308545,-0.93303572869041,2563.51,-0.0052019516611272465,0.0004368055543757521
2024-11-07,20.1910624,75.62425135439781,75.89032907786846,59.99103483752523,33.92825164527873,43.77928517913642,84.61063654380655,-0.8397589326411631,0.077077971837625,0.2093374008618807,-0.6101820529749259,89.59370444783805,-0.0524748375003743,2564.63,0.0004368055543757521,-0.0013578423321654043
2024-11-08,18.85585603,77.62466652446494,84.20161602690499,40.59995779181233,40.26232345131987,42.26859496711812,67.79776958827476,-0.6324621628506699,0.0429541924903636,0.1860275401887215,-1.32324023427176,157.9668252043773,-1.9189832988984847,2561.15,-0.0013578423321654043,-0.011581162308165638
2024-11-11,12.29077152,58.731856584942264,89.9222179584143,44.45346461017296,45.31641104600502,34.62464702371067,65.31396413944461,-0.9708190189875328,0.1003946393721332,0.2577373864360166,0.049082326380125,150.6820468743186,-0.4292324513410982,2531.66,-0.011581162308165638,-0.019580900143446378
2024-11-12,2.706685833,37.171826418663464,82.73141685646574,40.019976789021385,46.84637841710256,27.80375840466744,71.80254871654604,-0.7885022430030303,0.1274149454681432,0.311499522558724,0.3946265916717276,148.99801920701262,0.195893733335982,2482.57,-0.019580900143446378,-0.02673411386482094
2024-11-13,0.0,22.72438352373437,19.145218281455744,32.67968349642779,39.8816422758693,24.683527651984747,74.6396698851177,-0.9332697208646702,0.1636275125795344,0.3255311910449445,1.306416276536904,141.70580632688328,0.9264633820489564,2417.08,-0.02673411386482094,0.0007361547415332126
2024-11-14,0.0,39.8390466454196,30.370202760003284,46.7430803840395,34.00667350808209,23.12584936640325,74.6442230657157,-0.8321454823479779,0.141861156349826,0.3099101537557669,0.6759088125929372,154.6913322116278,0.5620887614373573,2418.86,0.0007361547415332126,-0.0008271777993913432
2024-11-15,4.072887561,56.73144141487517,39.27091616398906,35.90685078390821,29.863638739480542,26.932094274883877,74.55056200844903,-0.3408062038252313,0.2281177901206253,0.4080440524407673,1.1529299107316435,144.95636628789498,2.3653152700385625,2416.86,-0.0008271777993913432,0.021372384521836096
2024-11-18,14.46499069,74.51290959324942,47.41797880374629,64.90305078673521,28.004448059519703,32.62021783123739,72.89470551838862,-0.1970771822343186,0.226353359448016,0.3851720156089142,0.7422610524544654,110.8923499070396,1.1056260654558143,2469.07,0.021372384521836096,0.0011657513331879699
2024-11-19,14.51776871,75.17971464993846,42.278038387528106,57.37409264968323,30.370736559138333,34.98568885605908,66.0026101525661,0.1059107453410524,0.1613907933133253,0.3304813844413751,-0.6274950074489399,109.52083494097047,0.4152194848041141,2471.95,0.0011657513331879699,0.004174208360390175
2024-11-20,16.08270937,75.40198300216815,37.65521785842128,62.73734855885266,38.10749739065283,32.24944073538719,66.54671065250334,-0.3741909319659614,0.1181722474066581,0.247802553820929,-0.4143246159586841,105.46835264859224,-0.0053404550035969,2482.29,0.004174208360390175,-0.0006689610398336043
2024-11-21,17.11995592,74.29064124101976,55.678689405743775,54.42441928793199,44.68930506848216,35.30807003014693,65.27469488799636,-0.5163459565745986,0.2048744679501842,0.3481718483502014,1.1713682375880856,68.37870963552328,-0.8731513880540887,2480.63,-0.0006689610398336043,0.008274048732589634
2024-11-22,21.12967652,80.06961839899138,61.0339173739288,58.525789801313636,49.50807638600373,37.3911019960677,63.6987418856869,-0.3831766219278066,0.1317216076752805,0.2994165974592326,-0.190861589508216,92.00665832082522,0.0306959031421478,2501.24,0.008274048732589634,0.01314663920849135
2024-11-25,26.85832838,83.62591203466624,78.63467262100544,52.03027470186852,53.77321735847974,36.38768829474366,63.911519061338176,-0.690071423763901,0.0865885373355324,0.2483702737838483,-0.5873266875736765,98.4614032964937,-0.1692038398700722,2534.34,0.01314663920849135,-0.005531499652226657
2024-11-26,25.92396292,81.18096016013978,79.86193194882063,31.24564117660195,56.331603930337096,34.567998622310654,68.19984305509811,-0.89743629148508,0.1133354202063341,0.254100807434382,0.1606600967158148,83.82155442441172,0.0085507805320239,2520.36,-0.005531499652226657,-0.006887765066228901
2024-11-27,22.13289126,82.95910697797721,71.68880908349536,60.043783796807695,59.22989236554142,34.35291283473873,67.967104224859,-0.7420546302255678,0.1004125005924346,0.2629270322846347,-0.2839201515796246,125.59304809141648,-0.2865023390547649,2503.06,-0.006887765066228901,0.0006430059350135409
2024-11-28,21.43723583,84.29271709135527,55.09227842849263,52.0452527160169,62.09480122975714,37.02503106044222,75.7486737268551,-0.541887667548312,0.0494974066790891,0.2002108397653275,-1.3460023199554605,211.95099223627824,-2.6198892301673435,2504.67,0.0006430059350135409,-0.019659624669550624
2024-11-29,14.34237508,69.41849055524396,21.166321689630756,7.868229831305011,61.3922967840097,32.91171394962497,78.32544385774813,-0.5590720427768974,0.0502375124859603,0.1859314126012445,-1.2791346171457936,199.65561351290697,-2.417563693747455,2455.91,-0.019659624669550624,-0.0005824384785837466
2024-12-02,14.60302658,59.2050348981554,8.62156341921832,31.47865570930674,59.163383440191794,27.211501814961753,81.78553656058978,-0.7423242016097426,0.0774440725038459,0.2105899059712751,-0.6528607935097905,140.20050213960903,-0.8370246991652185,2454.48,-0.0005824384785837466,0.018415804890446807
2024-12-03,22.56082142,83.40648417256091,24.21514222416413,78.00053008526206,58.21285107847836,34.17533149545201,80.05369183993265,-0.5076781501428466,0.0520014575822055,0.1817006025404856,-1.2118288349551136,128.85316099173534,-1.1123409054562208,2500.1,0.018415804890446807,-0.014544685402903212
2024-12-04,16.77072154,60.75925641119061,13.300061235583188,25.067925006991494,52.90504591913575,30.773346682280085,75.58130663353671,-0.9876219378121048,0.1326191588784653,0.3072386721573983,0.7320647483486552,85.5610194376188,-0.0095087511499656,2464.0,-0.014544685402903212,-0.009030096930781717
2024-12-05,13.76408007,48.769547596347515,10.71807545087411,35.67319769864115,47.7667465507035,28.43659256423904,72.23976804896647,-0.9798353651292896,0.1025976623977021,0.2768366813719838,0.0851693983924484,53.97346844215811,0.3261256098337123,2441.85,-0.009030096930781717,-0.005622179856088927
2024-12-06,11.90453083,40.33234509701348,22.34323805774862,2.822431359027962,43.25392708135703,28.359216064038627,68.88594006676782,-0.9535552283773606,0.0842443619681511,0.2513350803884407,-0.3240079230011445,47.34035021029127,0.8850062963074568,2428.16,-0.005622179856088927,-0.028226417329727305
2024-12-09,1.943672729,0.0,10.36257303139408,30.012316928088012,37.44025146405653,24.388866136275723,62.8610688747071,-0.7362767791130096,0.1030720889565047,0.2609672929844481,-0.0201106081372165,75.69723395965508,0.0923342687195295,2360.58,-0.028226417329727305,0.02396722805981799
2024-12-10,11.33321149,86.01491527988613,74.4240080061225,65.23457827707448,33.38126266839075,36.70282047450217,60.09485552174376,-0.4872021483239286,0.0762212046894719,0.210124352804699,-0.81658456585846,57.61210866101258,0.7394441095203984,2417.84,0.02396722805981799,0.010151619477740681
2024-12-11,15.63925038,89.08687653988207,98.3481850238236,54.261788754764275,34.54176343269282,46.45798809881405,61.476593593284434,-0.5282420706732539,0.111014450547485,0.2253688591551303,-0.1509358894993236,87.01340476285299,-0.0001704020859139,2442.51,0.010151619477740681,0.01608683462781535
2024-12-12,22.55327195,88.20917332274037,98.12926441965152,42.81473747853972,35.84487120979368,51.54945005613168,60.243298538525416,-0.3538580089455961,0.1155029246462137,0.2860706824458229,-0.2974449944528715,57.59594902470258,0.0577275402983183,2482.12,0.01608683462781535,0.0049592391927282264
2024-12-13,24.78895826,89.96457975702374,99.50311580570808,67.54533042102541,39.931242628441495,49.92121740063431,61.726025185518125,0.0771812833723982,0.0999846214193279,0.2308517163153706,-1.0421029571892253,66.45610483915216,0.213831435633471,2494.46,0.0049592391927282264,-0.00220330263330748
2024-12-16,24.13540932,87.33030294706523,98.33804482034456,59.37511409525285,47.630308603524945,43.603125863999175,63.20664664618345,-0.9235719388666874,0.0832873403667069,0.2195893445123772,-0.2147604763343079,63.63779713577057,0.4681523303163384,2488.97,-0.00220330263330748,-0.013005209807882778
2024-12-17,19.15526133,86.89191820190777,97.26814912733478,69.94947226023163,53.194610401134256,41.756608295073534,67.37499935998567,-0.8466140373679407,0.0500198453609892,0.1771907538391775,-1.0437408456122397,64.41779681099285,0.8710980453204269,2456.81,-0.013005209807882778,0.01117949650870198
2024-12-18,25.23010853,88.20707243738019,97.39091048954876,68.2344294013685,57.660303784061874,44.40359955365876,61.13567646635878,-0.5842717883130973,0.1100100204228005,0.2407696418068611,0.0142448734936699,69.91707867898481,0.0812018534551115,2484.43,0.01117949650870198,-0.01971464317769911
2024-12-19,16.54290935,87.1111105744865,90.43590292666283,42.03286193030948,57.005354082033534,39.28911670279096,59.1482703928211,-0.9551355469831748,0.0541671650026475,0.1868872300071161,-0.8604225844077448,116.50501061490904,-0.8001242366754507,2435.93,-0.01971464317769911,-0.013132203069523563
2024-12-20,12.09353479,83.16564786806923,85.19124274672134,19.93460509405031,53.68817519559593,34.016999893379825,57.29372824154558,-0.8528218243664731,0.0800361966955113,0.2381789974579769,-0.2992593813378112,108.69664373024766,-0.3659991033972053,2404.15,-0.013132203069523563,0.015625059951156928
2024-12-23,18.5730718,88.42393545424608,93.18230311620516,53.60337570694728,51.66006606860913,34.945251431910975,56.74661443950328,-0.8263122479088781,0.0451283467172444,0.1651342771216178,-1.1141263904117993,78.62248937225591,0.3140136989212282,2442.01,0.015625059951156928,-0.0006103393307377303
2024-12-24,19.66876332,86.89121939519391,85.36373347783244,35.64881018615325,48.82490642628862,37.09188395351555,55.80228728029144,-0.7006639743979481,0.1568880623426703,0.2889178630512616,1.4770470246868417,88.65188405186738,0.0308380790622438,2440.52,-0.0006103393307377303,-0.0044556856921547094
2024-12-26,17.79901887,84.26370615110447,70.05751592161202,40.68084612910883,44.52003799200537,38.73424453832898,58.17805618442429,-0.9699328935574996,0.0648839518282968,0.2292154804421199,-0.4424201226437818,109.1675918220964,-0.5188418915450499,2429.67,-0.0044556856921547094,-0.010301180772472662
2024-12-27,15.36378377,78.35180135190325,44.35567558122732,18.86130544426843,43.54035375004076,38.80595378251917,57.73827592476176,-0.8006644244040453,0.1128761764789038,0.2698079136232655,0.6049993105211143,72.04144969057789,0.0472974558845783,2404.77,-0.010301180772472662,-0.0021980501162826016
2024-12-30,14.49663598,80.54139572197778,46.44682261401619,35.34971832719607,44.06352423534863,43.09479665222559,62.06970680436805,-0.7580351603362278,0.0641728093496897,0.1856009443946307,-0.6920586410678911,84.68887830962544,0.0613365721693772,2399.49,-0.0021980501162826016,-0.00022924164879256637
2025-01-02,15.08355211,78.5707607889107,66.82619574132424,37.9363823046285,43.00149121788013,42.40105462468327,64.66735978533454,-0.6040262461558259,0.0611335756890078,0.2019798215834279,-0.8366164367277272,157.70926718379852,-1.4551886988888905,2398.94,-0.00022924164879256637,0.017757641995348017
2025-01-03,23.53518791,86.89121939519391,85.60212823818583,75.09015290792843,42.51426770701391,42.252105465096655,69.07924622271078,-0.6637630354489358,0.1469873809484952,0.3193111385462499,1.2893669651998316,70.14389505098225,-0.2555115830646394,2441.92,0.017757641995348017,0.018951761405309853
2025-01-06,33.53903626,86.67225995818646,85.47807034964075,76.41854376237531,42.14540690411317,52.3940788918286,67.22975204757194,-0.907108680239947,0.0611733121804556,0.2066282132218978,-0.6460161969335306,83.31080723469437,0.1046568875550565,2488.64,0.018951761405309853,0.0013893520065577647
2025-01-07,33.25250113,86.89121939519391,90.32899755696796,74.05644773605685,43.22025281872877,54.049551199488874,71.90845942574643,-0.808980062933332,0.1241735153216797,0.2632969299837202,0.9306726060813826,65.75481545161372,-0.063065254561934,2492.1,0.0013893520065577647,0.011549752877549224
2025-01-08,38.85265365,86.453300521179,91.07742308961858,79.17691665811799,44.80784980076653,58.62419979517516,69.77030573458518,-0.7289705225623305,0.1423501102958937,0.2548007004410426,1.2119682520370296,52.64116601876142,-0.4973686706631225,2521.05,0.011549752877549224,0.0003371042774764632
2025-01-09,39.95476641,86.23434108417155,85.61638450768451,63.189742116126254,46.16568177748863,66.91846419107601,73.0231324311726,-0.5345822476261687,0.1373002792154882,0.2937109384941436,0.6752153367494733,42.107292312060736,-0.5632276932215972,2521.9,0.0003371042774764632,-0.002429691052521221
2025-01-10,39.49800429,86.453300521179,86.60348414618515,66.0421435318253,46.82934892235279,60.62612907322581,73.71380140241858,-0.4513970767188238,0.159820905098257,0.3326864319304326,0.9750881029981427,75.97088397101976,-0.2340142353852506,2515.78,-0.002429691052521221,-0.010476906598687385
2025-01-13,34.80411528,81.19827403300015,93.11804701906163,57.289144153708406,47.20412632625616,54.46833224046258,74.10555077436727,-0.5390982881920083,0.0414316350062718,0.1640519177211896,-1.3591077732859422,146.20794680263845,-1.7032623348840257,2489.56,-0.010476906598687385,0.0031442026640915444
2025-01-14,36.00115991,82.51203065504485,87.41729557302773,53.05061790198796,48.89321121748674,49.964820513611265,73.87119251709545,-0.0789857981305471,0.0553994101568794,0.1910003355006698,-1.3955091369318822,83.25070414772608,0.1170714773620611,2497.4,0.0031442026640915444,-0.00023627360593359015
2025-01-15,36.94209022,80.76035515898525,84.60165147342472,51.789546576472375,50.498875741752535,49.62341229392548,74.25857540034048,-0.962296638609194,0.0656378545782334,0.2007381475827337,-0.3302114421819997,63.73306695674674,0.6972958498760706,2496.81,-0.00023627360593359015,0.0122127983329543
2025-01-16,43.57013201,83.1689089660672,87.14279782093124,39.857521365279865,53.50102363858492,52.830112743964605,74.4678499095306,-0.9617233819232665,0.0392924975594535,0.1625248786849081,-1.0821556413089213,149.7034164162172,-1.8301192706877956,2527.49,0.0122127983329543,-0.0015600750732946977
2025-01-17,43.34037611,83.1689089660672,71.20970543858134,49.37641938547732,57.2910931053305,54.55905956366457,73.30124320130862,-0.9824162663483974,0.0755516510910633,0.225432541513886,0.052663878552652,82.874126745188,0.0881617516104385,2523.55,-0.0015600750732946977,-0.001387897756295331
2025-01-20,42.49549359,82.07411178102996,57.438943434980175,40.98320384382623,60.686036917939255,50.68936602207129,73.6118835818555,-0.925134044116528,0.0271089579523965,0.1092827589094502,-1.38367668868126,29.64500199737936,4.134057817235659,2520.05,-0.001387897756295331,-0.0008018928275230763
2025-01-21,43.73859548,82.29307121803741,79.49135580695328,31.20088268269672,62.241341491735014,56.031518820248735,75.26023122921308,-0.8650687158237761,0.2338270911460289,0.3673418982514264,3.8537921841393374,72.04485402249037,-0.9138235315719108,2518.03,-0.0008018928275230763,0.011462903077070763
2025-01-22,49.71168059,82.73099009205231,78.7826853387338,75.78643342213877,64.7994322512952,62.5549563729921,76.62010135154748,-0.9851918810432864,0.0556783779040045,0.2532697548830932,-0.4704680932686904,50.08226485054083,1.4671266076298513,2547.06,0.011462903077070763,-0.012472137257364402
2025-01-23,44.89524025,77.91388247788834,60.03263880018207,51.95988711584311,65.35411347571039,55.73878754517027,79.47452238530096,0.0792680048584325,0.1389535460612372,0.2907462560493267,-0.2208678606007685,45.638363456240185,-0.5459016163248066,2515.49,-0.012472137257364402,0.008435828653479582
2025-01-24,48.19166007,80.97931459599269,76.8615856490741,64.28201073572689,64.91062529358531,56.71942305516912,82.81109644716548,-0.6058304998760835,0.1850299398075219,0.3671246187002679,1.9432342019257975,65.32372719609833,-0.7992138885839459,2536.8,0.008435828653479582,-0.007688738495023273
2025-01-31,44.40279781,79.66555797394797,47.7608482410051,30.688508474869646,64.36936565405328,55.16906656158596,83.1964366506673,-0.1327786922497577,0.2502998724209434,0.4232062656249848,1.5439702267257034,41.524669144565856,-4.0848883090438495,2517.37,-0.007688738495023273,-0.02551573456395495
2025-02-03,33.88172701,59.95920864327723,18.202060742223345,0.0,58.17940831952695,49.574935132779565,81.95105280874066,-0.7173597252800652,0.130737950273377,0.2583658296625998,0.8829912935152262,80.36163537763366,-0.0397499242243926,2453.95,-0.02551573456395495,0.011240808524050294
2025-02-04,39.63717393,78.35180135190325,51.260983325460515,28.48230546945865,52.70055403781502,54.28240119198805,78.15646348520792,-0.5252270938012212,0.0525136728213677,0.2361232572166067,-0.8113313113999987,70.94129800287922,0.5700923430144462,2481.69,0.011240808524050294,0.0110520944820518
2025-02-05,44.75125328,84.70325211223091,61.01281019922854,52.55806206523207,48.82490642628862,58.39734168059619,80.02550802079668,-0.2995976411379883,0.0374679912383034,0.1354557199193968,-1.187703384812173,75.58360820879527,0.4819776734484272,2509.27,0.0110520944820518,0.01089185998793063
2025-02-06,50.24449737,87.98415705210373,74.88550964427363,55.02375105515998,46.84637841710256,56.88268353665927,78.96119815923578,-0.7568980499065585,0.1040259110071177,0.2672916685517528,0.3842643251999788,107.60291095135004,-0.1333108711863651,2536.75,0.01089185998793063,-0.005863217993907988
2025-02-07,47.37118547,84.70325211223091,50.992407479863786,42.245389080638034,45.99567511298564,48.37171291228459,81.60624918244552,-0.5557850464371933,0.1330467304627582,0.2852845185543592,0.6644239948223172,51.129360692957114,-0.3180372946145225,2521.92,-0.005863217993907988,-0.00025777335519716615
2025-02-10,48.5462545,81.64107416834962,49.02673733563866,64.83305433522072,49.62765163212012,49.70810893427176,83.39683742909837,-0.9067971118174756,0.1405429369858724,0.3022548085066455,1.2438485542888384,26.735486242037577,-1.0714203105028783,2521.27,-0.00025777335519716615,0.007027252493128522
2025-02-11,51.72098245,82.29725515632417,64.39071841893255,68.1192516288546,52.410736607948195,48.47559631517736,85.25738317310712,-0.5357992277603325,0.1623520109978521,0.3395562465419325,1.0010064212846952,76.22165787057737,-0.242411544404476,2539.05,0.007027252493128522,0.003671791900654142
2025-02-12,52.86271462,82.29725515632417,70.13187447752892,55.06565785484393,54.55474663882563,48.974876936446634,81.58978599887703,-0.2775862813461415,0.1040460505198077,0.2214704959415608,-0.312899549764366,67.23105715463667,0.1605234610057933,2548.39,0.003671791900654142,0.013555539670125683
2025-02-13,57.92962048,84.04707112425633,94.17060404012364,61.50648521276728,56.39906500826184,52.19743422408375,82.38128257295429,-0.5764623452701416,0.0826465319501257,0.2414989615335131,-0.343605201995739,49.77647004418789,0.8498617172373489,2583.17,0.013555539670125683,0.0030458720704249487
2025-02-14,59.9609994,86.45306808016308,89.55654499931065,76.88679849208708,59.06357059847211,56.133192870791625,82.96069903782953,-0.8338365803595702,0.0692051956904027,0.2051215009050187,-0.3749312905597182,41.58156438933135,1.5389165913059668,2591.05,0.0030458720704249487,0.00744792896638824
2025-02-17,62.8867978,88.85906503606981,90.19586651834015,53.941994120839944,62.17623409781704,58.36840041988266,82.73759151583639,-0.5551577148455566,0.2436842013928869,0.4442476321882106,2.3033504093581683,61.49805380387972,-1.8243724859177772,2610.42,0.00744792896638824,0.0062590543121165965
2025-02-18,66.33791332,89.29651902805284,89.7955522462691,77.32253484486776,64.43319624198013,60.005097198897694,85.62152342078095,0.1779313544624262,0.1986076778610905,0.3778671091276155,-0.0283626743905569,78.69972637674631,-0.336622928655454,2626.81,0.0062590543121165965,0.016877416577721682
2025-02-19,74.68524984,89.29651902805284,94.70280326986403,81.51766107098916,64.92649962154684,61.78189163546429,88.04616866217467,-0.5131771129024791,0.1079110952498378,0.255861816957977,-0.0287655657099107,71.84787959875926,0.0879993860463115,2671.52,0.016877416577721682,-0.006557055778958265
2025-02-20,71.68122336,89.73397302003589,86.70295430368843,71.53798957515343,63.953492142790815,60.65792342364217,88.43614057038477,-0.8326525439938669,0.1387280739153421,0.2855183583179439,0.922305083889318,85.59686517454656,-0.0133681913892739,2654.06,-0.006557055778958265,0.00019590705026661936
2025-02-21,71.42873787,90.82760799999348,79.58715843267392,62.74556830654977,62.436454393650195,60.979944997461224,88.55723932494251,-0.8152641444774459,0.2774735698284027,0.4033363122934794,3.23161926481505,58.03080736326036,-2.7051315262981896,2654.58,0.00019590705026661936,-0.003513310594217778
2025-02-24,68.95621299,88.85906503606981,81.38245498860674,66.24536329972534,60.108554493812896,59.01878616306529,88.89219193970406,-0.4369043472006176,0.088326150429767,0.2807283412057387,-0.4333982074218441,102.54239058989629,-0.2125080662663672,2645.27,-0.003513310594217778,-0.005679033225097996
2025-02-25,66.11322905,89.51524602404437,70.32360609696343,64.72028739145195,57.24069591567179,53.444866112743526,88.80494173306616,-0.707477159462313,0.0442737989766588,0.1726405330155341,-0.9067471588801582,173.4185644391149,-2.181211091225187,2630.29,-0.005679033225097996,0.00409760446460794
2025-02-26,68.54208534,89.07779203206132,60.22151096166453,63.8488590788724,54.80922725866765,57.374093790896666,87.60002820765885,0.0254782016171989,0.0732574747596161,0.1744837510968382,-0.9205758166468432,97.59107714975626,-0.2220533314282651,2641.09,0.00409760446460794,-0.007349677002733479
2025-02-27,65.13201204,87.7654300561122,56.028973495686586,62.62555949821515,53.65415358832133,52.998032759528826,87.0366674171794,-0.4159605942727591,0.0586931052195674,0.2003783640980909,-0.7838458833261261,87.2143986148087,-0.0071747443420095,2621.75,-0.007349677002733479,-0.03452452001818518
2025-02-28,50.14080017,77.04780725252766,11.207168114255875,7.70542467287354,46.45485231082166,45.64322159500496,86.74097298376725,-0.8208274379221004,0.0198340178940776,0.0966548244501433,-1.209007716224924,177.03354098951843,-2.98305129785312,2532.78,-0.03452452001818518,-0.0015251795832433857
2025-03-04,50.17052511,76.61035326054461,12.780374682548237,44.65459553477956,39.749454738779335,53.09301885165536,84.09087342202693,-0.8189747285353511,0.1362422055372986,0.3167181631053232,0.7753245710318274,77.15626833513524,-0.0880387973940568,2528.92,-0.0015251795832433857,0.011484188688231534
2025-03-05,54.34731251,86.89052207214611,47.51317688134855,44.26399461220736,35.57329649433427,52.76071530725882,81.85971340883188,-0.3967296591553567,0.1500793978550416,0.2921195268838717,0.4042600036930566,57.799542128987525,-0.538140200946353,2558.13,0.011484188688231534,0.007023395295311374
2025-03-06,58.69369929,93.15437574384896,63.85861235178585,57.39445189497471,33.45919145121918,53.020116404816555,82.60502676333806,-0.6994754827178712,0.1061821203415959,0.2758820705508004,0.1243778924761381,74.01175578990137,0.086117173267957,2576.16,0.007023395295311374,-0.004934207736738472
2025-03-07,56.59424015,89.19784291073097,30.236733392481792,48.38077665584773,29.434181632911898,47.66546574421397,82.89441896599305,-0.6817180079774301,0.1498539373945982,0.2937865944924304,0.7901446689696885,41.100876703983,-0.9773000009951658,2563.48,-0.004934207736738472,0.00269192798912421
2025-03-10,57.31992248,90.59426626359614,15.64845815471429,49.140612004711606,30.520611106682665,50.23328414269162,79.5712661143281,-0.3958615604515794,0.1834071676990005,0.3524514457652068,0.8521671736429767,34.9557488180771,-2.469703936917194,2570.39,0.00269192798912421,-0.012838885908485587
2025-03-11,52.8014265,81.75025169545007,2.638520100609002,50.116903560870206,29.6115421123347,46.17167915866807,80.69280619896303,-0.6670278194114084,0.0979321881516717,0.2222831425022425,-0.0213026974629641,64.30941830200256,0.2660076044967421,2537.6,-0.012838885908485587,0.014560876301364267
2025-03-12,60.46400975,87.56868233238828,4.661031065270012,58.476512741694144,28.27899410071142,49.083357077838045,82.5196968657829,-0.4333260155008667,0.169047214708064,0.3381569460035712,0.7084773646013649,76.41425297881025,-0.2743531031930266,2574.82,0.014560876301364267,-0.000458389507022261
2025-03-13,61.33439091,88.73236845977591,3.31118303497207,46.86669046049743,25.67607072071184,49.02614557663392,82.46618328611711,-0.629949214219177,0.0706419649321527,0.2154712645008041,-0.5247506438225638,87.98513555865188,-0.0236658371966605,2573.64,-0.000458389507022261,-0.002832686719051125
2025-03-14,60.76797498,88.27059608557819,6.219479169994488,52.58863250096444,25.634688777603664,45.66125869024906,78.71808416880594,-0.5875321296940278,0.0938427117008327,0.2588011389013547,-0.2118222957133923,56.08857476769936,0.4617391898883421,2566.36,-0.002832686719051125,0.01712600167799838
2025-03-17,70.1828002,89.89999928590046,12.53976218282284,68.96965344779868,27.43071513373584,50.37053055260813,80.74829543632771,-0.8346533250812389,0.1297554941000215,0.2690691866868147,0.6105979417995453,74.38602063257542,-0.0721049548132847,2610.69,0.01712600167799838,0.000631817184618022
2025-03-18,69.73006851,89.66775514776504,39.83036619628708,37.68037918165248,32.89971385309993,47.958861937380874,80.73449458853374,-0.9665338720563972,0.3193861070918565,0.4450221599648702,3.816264407821971,71.21990295060698,-1.6910672047004305,2612.34,0.000631817184618022,0.006212622253475963
2025-03-19,73.47157892,90.5967317003067,58.47701840997742,72.89441629289543,37.26186304670538,48.117481756822464,78.73445063750214,-0.5263242537133924,0.2053658625672142,0.3830744461133459,1.097346269852416,51.55307018068361,-1.9055586025934563,2628.62,0.006212622253475963,0.0032208348832831746
2025-03-20,76.6971673,89.66775514776504,36.87955927840194,69.38031321016976,43.06877992402017,44.98111658590787,78.87576631921253,-0.9649961399911032,0.1132584901671426,0.2747235520901882,0.2969354465322518,64.81681466740274,0.0690480745099767,2637.1,0.0032208348832831746,0.0022839924099340436
2025-03-21,78.66201889,85.02287238505674,33.048718850402814,56.4428986725925,47.033740262393586,48.06522976023748,81.96130390627555,-0.7514671682310327,0.1183506152590656,0.2678416143783865,0.1438724745794363,72.66000993869984,0.0036135003323277,2643.13,0.0022839924099340436,-0.004193212088900999
2025-03-24,76.06981042,86.64858135200465,32.20804252063736,57.32249487074089,49.02983033856626,47.259980001221294,83.31344200344026,-0.953187510736638,0.1427703430069165,0.2916726222202577,0.8208763957392303,57.780817930112725,-0.4126109794404383,2632.07,-0.004193212088900999,-0.006196807866241549
2025-03-25,73.20626016,85.719604799463,15.533815352127522,67.74710895485484,50.3451357592532,47.657575743680844,84.91488487437536,-0.7183166472529178,0.1647511355000061,0.3175374349591626,0.8628879571420175,57.45218479616133,-0.8024046057558855,2615.81,-0.006196807866241549,0.01069642785454139
2025-03-26,78.0186624,87.80980204268172,31.17613408908852,64.80598579870168,51.47229601728935,53.075547721714386,85.49790281914112,-0.90399794761775,0.0788637796853583,0.2382723825655447,-0.3104542735301687,58.67676391450089,0.6628312996609749,2643.94,0.01069642785454139,-0.014012558146929699
2025-03-27,71.98231992,81.07472203675471,19.813660052663117,44.82171847688423,50.03764269960001,48.50921080562235,88.1412124238736,-0.3574279491721351,0.0822882222316252,0.2535810642167684,-0.6814971729068041,40.426122907996195,1.1761371232443758,2607.15,-0.014012558146929699,-0.019039786177663665
2025-03-28,62.79098033,72.71393306387976,12.330201733932943,52.66994066052369,47.44275210542575,45.13788675686603,88.44512849401171,-0.6708830593508098,0.1734755326363491,0.321194784279421,0.959072142279442,72.6333203170627,-0.4155104460486831,2557.98,-0.019039786177663665,-0.03050781338409614
2025-03-31,49.61402242,58.31479649948407,2.272488868864482,26.357882551949864,37.94441954225088,46.10002194657763,87.4803988017733,-0.9623767973896472,0.1713510384938172,0.3022310193519225,1.3099219724138669,134.21640550303826,0.9651540862978236,2481.12,-0.03050781338409614,0.0161002656228586
2025-04-01,57.02065003,82.93267514183803,21.160204982357207,74.07695230668374,30.76109038774193,51.21670267034318,90.47105148466932,-0.6748997219850176,0.1994098955923702,0.3579680684684332,1.2707132058401045,85.77243090797792,-0.0471536799720887,2521.39,0.0161002656228586,-0.006178347765030345
2025-04-02,54.68650666,71.32046823506728,41.60478481598789,44.122969754312926,23.901949466174177,46.238657632426,90.49008905540882,-0.69617890741626,0.1556783058591021,0.3349169424469481,0.6050116660097056,46.69718460680182,-0.9641705729138532,2505.86,-0.006178347765030345,-0.007675458708076732
2025-04-03,50.59698081,63.6564116765986,23.210124269796506,78.47051248370788,17.070070679290595,40.45116100409275,90.34285754807264,-0.7251550780074151,0.1192048740893274,0.2838620326107641,0.0506467107930347,72.21389373561468,-0.0029666144842986,2486.7,-0.007675458708076732,-0.008594351907205144
2025-04-04,45.52381084,84.55838410878592,15.10353904140665,55.41997396568691,11.661983391540826,38.12985683697489,90.1984161047816,-0.8164649714243641,0.2186815081568478,0.3679466911979087,1.7576622005184277,71.7091008064283,-0.8131365418381368,2465.42,-0.008594351907205144,-0.05726674154424405
2025-04-07,21.95131593,39.735265448650885,12.463656706549282,62.789895475036005,2.27221110580376,20.680295884254974,90.14471788745983,-0.9506339384106348,0.1818733207088095,0.315681600991233,1.3279867152270524,76.5063708404257,-0.3412171387496591,2328.2,-0.05726674154424405,0.002586635450641417
2025-04-08,22.84284981,65.51436478168192,40.93459994593397,54.92805453368472,0.4886715577725011,25.17634489626188,81.16865362025538,-0.6413549973362228,0.2350374961482612,0.3740407178765588,1.551803320871418,78.3610577305665,-0.5114853690534323,2334.23,0.002586635450641417,-0.017515838064612765
2025-04-09,16.28011396,41.59321855373421,28.277293937213532,52.01751883356044,0.0502703813154833,16.202064738450108,80.33969517982153,-0.6040207074385074,0.2057623823325612,0.3806335426213755,1.0254825927248985,106.44586930253068,0.7432203857188383,2293.7,-0.017515838064612765,0.0639034282850055
2025-04-10,42.3312309,91.9901965291192,81.69063460893655,67.73143705822308,0.0363271550078136,33.06963326459668,81.18084324221675,-0.918982049753037,0.2929234377015182,0.4148882088032342,2.85929701024316,69.08546886518187,-1.69118779592073,2445.06,0.0639034282850055,-0.005059689582471272
2025-04-11,39.10707147,92.45468480539004,69.03989101089707,52.35366343156913,0.0172233607363704,30.81839304464662,79.23615018722515,-0.9756037823201124,0.0961104028411242,0.2626289508074813,-0.2285767440487502,59.90225541468487,0.3570394187591333,2432.72,-0.005059689582471272,0.009479248087688852
2025-04-14,43.08865969,92.45468480539004,77.94111276511877,43.1043330410932,0.1877444123432252,27.48615087687256,78.97532282718446,-0.8778501432407338,0.2066641020390533,0.3561834085523077,1.3786646866092578,41.79734484007696,-2.70512029773826,2455.89,0.009479248087688852,0.008724438611428909
2025-04-15,46.79996422,94.08039377233791,93.3015975592115,28.51463783838513,0.9998915059505544,29.793460950992657,81.4052233856642,-0.6731264414324959,0.0986995991647163,0.2889308539081917,-0.4674891327665905,57.939721257560045,0.3445239405922172,2477.41,0.008724438611428909,-0.012175165219031392
2025-04-16,41.21439927,91.75795239098376,91.45864408445902,54.36967534912752,4.34571454226307,23.08713666058808,82.02604139433276,-0.7546562923969078,0.0581818250717063,0.2060092397696287,-0.9714399155014638,38.237239372677095,2.092813194669839,2447.43,-0.012175165219031392,0.009345634366935585
2025-04-17,44.93945927,93.6159054960671,81.76763991550237,53.94065338004547,5.969728174420669,23.998840848824777,83.05266502853218,-0.9634580362425998,0.076930331209341,0.243832284314328,-0.5719278654541957,134.33937761014474,-0.7714937449320494,2470.41,0.009345634366935585,0.0052525136756615964
2025-04-18,47.75044246,94.31263791047336,84.74312878949075,56.118735994909066,11.068632291699398,23.909988813875714,80.61450394036744,-0.9852753431622252,0.0466144283517826,0.1739705839210572,-1.0200183599264585,41.68153562164598,2.232286149210747,2483.42,0.0052525136756615964,0.0020113284762182104
2025-04-21,49.14044489,95.70610273928584,87.98002151910374,44.72038988009088,13.915012121552351,25.628041330340302,82.13045515341463,-0.9804866126300404,0.1569875542962277,0.3212807134417953,0.7538651703002522,63.695746801451214,-0.5012191996205849,2488.42,0.0020113284762182104,-0.0007155692899996069
2025-04-22,48.45141858,94.54488204860876,75.74089246513454,41.362227119672895,13.566835835236486,26.996231575841197,83.38565390542524,-0.8999330126824493,0.0858809651524629,0.2740874647640286,-0.4401179620468327,67.98699481943882,0.3422852256027833,2486.64,-0.0007155692899996069,0.015530418686040548
2025-04-23,55.28038954,94.54488204860876,90.6177315626169,35.8914266781371,17.519238994580988,27.723100421250724,85.62737116977054,-0.1136620902021268,0.1263002001937543,0.2671864833319322,-0.6595843535508771,30.261680568644728,-0.3304871387575019,2525.56,0.015530418686040548,-0.0012797427997934818
2025-04-24,55.13327529,96.17059101555668,79.46772156656468,34.42103733529338,19.578737343484853,31.60580248295444,84.84425997645192,-0.1313806408204256,0.1996381925768446,0.3759785062503165,0.069718253419652,48.15302928531532,-2.010470071587962,2522.33,-0.0012797427997934818,0.00945824757103253
2025-04-25,59.15337284,97.79629998250456,81.61428290263001,49.33615547970433,22.324678111799752,39.280997121195874,87.21566452792128,-0.5407617254455052,0.1578890996981497,0.3343000949343847,0.2086848232296528,22.852343593975448,-2.179074508808392,2546.3,0.00945824757103253,0.001004875299467578
2025-04-28,59.51046296,98.49303239691082,80.59142254538838,57.60934639392439,27.54499600578718,48.62166127873404,88.09437881728246,-0.3334256166925827,0.059078642688209,0.1828324539391706,-1.3578998000815037,21.981497932893102,3.4280179996069435,2548.86,0.001004875299467578,0.006476007522204341
2025-04-29,62.04282979,100.0,88.51825288185601,64.6323636069395,33.771616875917076,45.527686708292194,88.47237010090316,-0.988021159579732,0.1869156131234179,0.3298493794965996,1.249860866838462,19.75675462271755,-4.202880624298435,2565.42,0.006476007522204341,-0.003440045719398377
2025-04-30,61.68642509,97.2228178490887,85.4236571663829,52.7351089640014,36.95438219624105,46.59062019490817,88.44872846080732,-0.7757375555358442,0.2309365429844821,0.4103633303343749,1.5376933533024038,61.93664866484378,-1.604596692162361,2556.61,-0.003440045719398377,0.0012430616877017187
2025-05-02,61.83487052,97.68568154090724,85.79610941729999,54.09961251758397,39.99740171035057,49.77338285673468,86.3646975196706,-0.8190447057208269,0.1883898802590682,0.3543463972223247,0.9063140641929815,38.406891388163366,-2.387739024335259,2559.79,0.0012430616877017187,0.0054581822007033765
2025-05-07,65.0790938,98.8428407704536,90.21983315195943,59.31580772829639,40.693771380287416,56.12628919709793,83.75518802596349,-0.1118864138499195,0.0771120251653188,0.2402148467555616,-1.2746678473267474,49.40636415256054,0.9929092669623926,2573.8,0.0054581822007033765,0.0022044221544934572
2025-05-08,65.3161916,98.1485452327258,92.57895945672703,72.23111759573291,43.1529190910506,73.4032250060911,81.4080578195104,-0.9300201285997204,0.0937330288352239,0.25554783041374,-0.4899785647933786,40.07647137560577,0.8168332080653905,2579.48,0.0022044221544934572,-0.000857129058148054
2025-05-09,65.31950309,97.91711338681652,92.975351585761,57.596523495837474,45.21463460024239,73.12328484847802,75.32270139035715,-0.5158177769187754,0.1546021116297276,0.3435783500009866,-0.0213988996658521,30.059885096402844,-1.5919578181349991,2577.27,-0.000857129058148054,0.011596010045212601
2025-05-12,72.26361891,100.0,94.13951432047386,66.03043521682628,47.834975441805945,81.95470409549807,70.82904252740356,-0.7129337877368949,0.1076743513013724,0.2916316972886129,-0.4907698196769958,27.978758744019597,0.5293336693870871,2607.33,0.011596010045212601,0.0004179648241837697
2025-05-13,72.34103795,98.63354579586134,66.00961328732662,59.385541478430035,53.07539755675985,64.88212334917407,79.46668758485023,-0.9609612977754431,0.0356431573272682,0.1522387644767106,-1.453651041999359,39.00011844936758,2.802138724570685,2608.42,0.0004179648241837697,0.012250128900952006
2025-05-14,78.05605612,100.0,70.78629823385153,81.03478946144763,58.39667948235932,70.7529625707631,80.37020243011706,-0.3238825962907613,0.1139117024834093,0.278290584300018,-0.7468999336812081,46.8655884151818,0.1278576967275937,2640.57,0.012250128900952006,-0.007301535879129517
2025-05-15,74.65734439,93.33470566940424,38.530719827156474,59.59285056531197,60.83415865919085,66.4221798950198,80.35478865199934,-0.5546215346261165,0.0846246854347615,0.2720915439128833,-0.9033251201549236,61.80184090467679,0.4926611823581794,2621.36,-0.007301535879129517,0.002099756308109768
2025-05-16,76.18561364,93.77905862477728,33.71983980769923,68.93590442626308,63.03603346749204,65.18116209564788,81.6554824898711,-0.406038196070983,0.141451600357585,0.2992870081665656,-0.3258437593338401,55.350204591122086,-0.4307244087737069,2626.87,0.002099756308109768,-0.008967058090728841
2025-05-19,71.22952303,90.22423498179288,16.862910417489218,42.40980425051165,62.241341491735014,67.48589662166081,80.71997163738396,-0.4281644895227283,0.1785861363832633,0.3317793874584721,0.2628398496048919,55.33237938275994,-1.138490347325235,2603.42,-0.008967058090728841,-0.0006224520970503633
2025-05-20,71.67154352,92.0016468032851,24.215590101387836,51.666032358597626,60.07548725409186,64.58654494259356,75.75705109433186,-0.1302132269303284,0.1702326027788732,0.3676742549508326,-0.3137378279222684,27.0458190035659,-2.5117886300691374,2601.8,-0.0006224520970503633,0.009098310832834855
2025-05-21,74.42166324,96.88952931238865,27.26772260397898,78.83661522754161,57.3750619427854,65.51126394846125,75.89714198376612,-0.7001897029006782,0.1612278808861696,0.307868800286045,0.4151852069428107,31.05822541612141,-1.8294592133374052,2625.58,0.009098310832834855,-0.012227962870445808
2025-05-22,68.39143358,85.11699728360834,10.329570736042877,49.20635636013992,54.57171794889389,61.37606188748482,76.67499786518543,-0.7562837367104287,0.065508840775549,0.243933035120492,-1.0747102514026077,34.47614465853058,2.069609581300088,2593.67,-0.012227962870445808,-0.0006093610382631454
2025-05-23,68.71811826,92.66300387390118,20.133327382060095,66.55069662853298,52.08667272684014,62.074037199993434,77.1872206376619,-0.8551543810020781,0.1353781687219444,0.231874096244192,0.2094920248912825,21.83632837959917,-0.954105955861389,2592.09,-0.0006093610382631454,0.01997969636783825
2025-05-26,77.00245848,100.0,33.84193766826469,77.18218523036077,52.18902461152275,63.11866210381925,81.4068851093574,-0.5194674646017193,0.2464652892960886,0.4244501644213387,1.293853145387043,71.39598637520024,-1.0629307592662365,2644.4,0.01997969636783825,-0.002718864448034708
2025-05-27,75.7269281,93.83953550491348,25.71894099625308,63.06077609544738,50.772171510529255,61.70467577686251,84.18828430916633,-0.9767288791645744,0.103375073561393,0.2674995920829953,-0.2561063054997939,43.92092454725435,0.443882559465461,2637.22,-0.002718864448034708,0.012409318580163031
2025-05-28,81.84065118,96.91976775245674,25.224824149049866,84.1139256770233,48.73953030745854,63.391337775495856,85.42006389955272,-0.9603061143155408,0.0974247561120966,0.2819830540684769,-0.3787117080912267,52.46552020270499,0.4555193587737098,2670.15,0.012409318580163031,0.018732496138818888
2025-05-29,89.96147286,100.0,57.44392426094176,83.92624643746561,45.29944615002305,68.93849549560849,88.49250461120045,-0.8906806236753293,0.0194409371397489,0.1170856283967174,-1.717539621643249,159.75360498887227,-2.5611667034583463,2720.64,0.018732496138818888,-0.00847870926780736
2025-05-30,85.29992687,91.89481384614388,52.50805349924165,74.20539413070544,40.32862432906483,64.55634939666795,87.88838982087593,-0.748167350598103,0.096648535269632,0.2533590491674372,-0.5085184576593011,76.05412308168313,0.1255800118793993,2697.67,-0.00847870926780736,0.0004817812658046705
2025-06-02,85.11271995,88.24748007690863,37.31869878318334,76.31696202889327,35.31836363424936,65.5949611507492,86.98971262786723,-0.8821551659399852,0.0501691825469318,0.1923433229483889,-1.0990233851001612,44.94652083591373,1.9060783242219608,2698.97,0.0004817812658046705,0.026280304579775482
2025-06-04,97.63723593,100.0,67.58208768015733,74.71625623995148,32.15968079138395,74.48763809160864,85.38653172057161,-0.3927605844907182,0.1060822580774761,0.2730459696888402,-0.5887995910898498,74.87657939357958,0.0805526918560163,2770.84,0.026280304579775482,0.014763231403167154
2025-06-05,100.0,87.60432675257123,86.71584437593445,86.47528899404865,29.419423761789933,77.06587427099416,84.89232667150684,-0.2504875096784967,0.0440780787664836,0.1567343024566718,-1.370100712690123,73.54914693202447,0.5288435815562367,2812.05,0.014763231403167154,0.01542775429238663
2025-06-09,100.0,97.96488946684003,96.13555624290818,81.95018242560158,25.33228662925964,80.80889397126346,77.5510658155045,-0.7427331742561938,0.0725182525547953,0.1943046235243588,-0.6859866396505877,85.45495782315794,0.0343530452090613,2855.77,0.01542775429238663,0.005614912388210769
2025-06-10,100.0,88.71438704338576,83.83843887668428,71.95680475927371,22.943173705223792,81.60917775692485,77.56979533904071,-0.2640901982069268,0.1433958419550418,0.3557483302456087,-0.1357824350255276,68.53118802668716,-0.2470036207657339,2871.85,0.005614912388210769,0.012178959962223068
2025-06-11,100.0,90.74949757654568,88.44706765646642,74.96534126240543,22.86534043743825,80.57147295569038,77.80469131033878,-0.8379342398431517,0.0649836295050962,0.2276230629045487,-0.7443785406310204,136.85266001231798,-1.0338301750915768,2907.04,0.012178959962223068,0.0044585088280229
2025-06-12,100.0,90.74949757654568,98.31618527983554,56.37198790496628,22.68430736278336,80.63999526342293,81.2188650453461,-0.153781205188714,0.1128777810290831,0.3093077409205536,-0.6256840967937741,96.89244360805444,-0.0271806344344743,2920.03,0.0044585088280229,-0.008740048584983562
2025-06-13,96.077894,79.46388461993143,99.45314503289188,21.71651863648074,19.685429225269836,74.81881739919119,81.95278997699272,-0.6218838722091534,0.137826211987764,0.2666605259347618,0.3384757488975378,61.862127529030694,-0.2728951720936218,2894.62,-0.008740048584983562,0.01781848392041141
2025-06-16,100.0,91.48953777042205,99.31303485052868,28.298164691959123,19.76865468055061,81.89677563200215,83.90756919725763,-0.5186424772407087,0.17006834416272,0.3354952517905959,0.6587543654170611,105.69975662397262,0.4228062570220541,2946.66,0.01781848392041141,0.0012345345609610092
2025-06-17,100.0,82.79406549237498,98.55108925740691,76.38792064783838,18.054527561820212,81.69039466022775,86.10196212473281,-0.783227865929142,0.0617698013142731,0.2221926743116092,-0.8653033284473269,86.99548817832155,-0.0007480008379995,2950.3,0.0012345345609610092,0.007392194729129997
2025-06-18,100.0,82.60905544390592,99.30466576007896,70.6067421992621,14.866392308784636,86.4127016908703,85.76599211951583,-0.1360409575238476,0.1303243639221655,0.2923775132687202,-0.4571366507467858,63.72245353918195,-0.1508105871296736,2972.19,0.007392194729129997,0.0018655687074167204
2025-06-19,99.75088001,81.49899515309139,96.10745783924725,55.57526996647392,12.505334946141828,86.9317695247024,84.79213047660228,-0.7749943244221716,0.1290436015962241,0.2694555859900474,0.3796500862435061,80.38687849829488,-0.0339600507621811,2977.74,0.0018655687074167204,0.014701293846465902
2025-06-20,100.0,80.20392481380779,90.98230259396412,48.11717406681859,13.353434948107845,88.66521401647022,84.0160309441241,-0.0654998441408175,0.1426831940990739,0.3358905571930119,-0.3920406422021119,90.45486032264483,0.0396327030858452,3021.84,0.014701293846465902,-0.0024418903807692516
2025-06-23,98.46685349,82.05402529849864,92.4604143313258,41.534849523210205,13.36266497336171,91.9821684264112,82.58486153434879,-0.7700142580384335,0.1954377456866582,0.3494892885672493,1.5106725053546914,93.35504482508657,0.2295056601534299,3014.47,-0.0024418903807692516,0.02915158921475225
2025-06-24,100.0,88.52937699491666,95.77436446326176,67.66167941486955,13.418137242015916,99.6850440495684,80.0279748088492,-0.5764508106616575,0.1763067972977007,0.3557626052856862,0.8193364092849287,109.57327495494124,0.5618934264277209,3103.64,0.02915158921475225,0.0014842506375085662
2025-06-25,100.0,84.0891358316586,96.38285482772476,64.83971518834329,13.50164187386112,95.50479187537248,81.32266374399336,-0.5097030642302676,0.2266120818261558,0.3546534631112514,1.4561362103260638,81.39869225497527,-0.3013496894889088,3108.25,0.0014842506375085662,-0.00927313721333789
2025-06-26,96.19688744,77.61378413524056,72.2314743794162,63.246448557381186,13.10588066594085,93.72523592842906,84.19874711494882,-0.7923984421014406,0.0794473236527538,0.2038830841097642,-0.5106169974930149,84.37349862306765,0.0504010227013742,3079.56,-0.00927313721333789,-0.007699492033891531
2025-06-27,93.14682415,75.9486936990188,50.106827968897306,72.82314273720021,12.834560005305246,88.57622340338945,81.62185165428188,-0.6526794841078832,0.112653978966308,0.2474405136916632,-0.0814089409417999,46.458919238088704,0.1628261901559339,3055.94,-0.007699492033891531,0.005143916663064019
2025-06-30,94.15321367,78.90885447452418,49.89569437682519,63.93341897802804,13.538869208523913,84.3584225823919,81.96374954705271,-0.5870062277987707,0.1402318112964584,0.2994441776059477,0.3866052278950586,74.63404034204838,-0.1382203160722542,3071.7,0.005143916663064019,0.00582666161912293
2025-07-01,94.91491079,88.15935689797848,70.59639469298526,70.96386221606458,15.28713697274609,87.3482647963986,90.28661990137904,-0.3924111066766523,0.0604162721256482,0.1692860688904067,-1.1280570361523772,97.07466269781123,-0.2715149115104817,3089.65,0.00582666161912293,-0.004733402622624894
2025-07-02,92.73714319,80.57394491074595,83.63764994273531,61.446396048341114,17.1135646640093,86.41461073758519,88.92476511292246,-0.8668767956046018,0.0798475193373345,0.2041631576343778,-0.3692655937130659,97.73609473560522,-0.1923898339367057,3075.06,-0.004733402622624894,0.013312360542110824
2025-07-03,97.5357169,83.16408558931316,82.00017340217923,78.10471800793671,18.40562786570234,81.21159372771629,87.73740074800371,-0.4910195625533647,0.1148052872164104,0.274113031001274,-0.1221156470614386,101.5732216280502,-0.0264028987004399,3116.27,0.013312360542110824,-0.020092888172907664
2025-07-04,90.06524562,77.24376403830242,32.22424826670512,36.38640326134491,17.05920824829681,71.70993835264404,87.55820697000902,-0.9126122027588184,0.0943905588775149,0.2625939255649162,-0.0265576842478703,94.97914388868504,-0.0910300944515158,3054.28,-0.020092888172907664,0.0016978127161593193
2025-07-07,89.68600664,78.35382432911692,27.136590216284095,56.09501360931446,16.120665354717932,67.78906839596974,86.65616765517933,-0.2478745169998694,0.2299504602756493,0.4260121950507762,1.079559151669639,36.01585860633815,-4.111611044417693,3059.47,0.0016978127161593193,0.017971402397620295
2025-07-08,95.87241817,86.49426646175672,70.70576232402385,63.50421135677548,16.5856458655464,71.66723188677861,66.80302041283136,-0.453631396060304,0.2526688551925341,0.3980347084095516,1.8985336439929357,66.09986525799893,-1.549202300784218,3114.95,0.017971402397620295,0.0060140786740312535
2025-07-09,95.8442518,98.33490956377824,85.1998319668668,70.29124847533016,18.922794965231017,68.53638787839455,73.66658446868371,-0.2973876454347574,0.2207624725096109,0.4183968829327141,1.070727165063634,81.20941133687586,-0.2950155252802295,3133.74,0.0060140786740312535,0.015669225144428367
2025-07-10,100.0,99.25995980612366,91.59008206667023,69.91128112182244,22.52978182673397,71.65494148742333,72.33966733528294,-0.9524458314266828,0.0883202916625871,0.2764761963671021,-0.2063976901505081,106.793440752198,-0.2650147557458607,3183.23,0.015669225144428367,-0.00234628193813613
2025-07-11,99.01362074,92.59959806123656,79.90744978985533,78.11066484394877,27.731200536843193,73.88743211427638,73.93502086258194,-0.5207066230066004,0.1222759530184631,0.2732074192162049,-0.0548251151575193,86.7704834023381,-0.0003322395311003,3175.77,-0.00234628193813613,0.008234861048368458
2025-07-14,100.0,100.0,71.59106850665654,68.27173358240762,31.138496841991525,72.16544898895224,73.33948429494237,-0.6348392829022754,0.076698082870739,0.1904333943835136,-0.7764182702188542,100.808761522392,-0.2631191771071783,3202.03,0.008234861048368458,0.004129461979786697
2025-07-15,100.0,85.59586531597175,61.53386270293804,68.75991308074494,32.74497412519606,72.99591059737777,73.59070099789912,-0.92529921731493,0.1197901617226371,0.2648520027890412,0.4205447801374852,65.27581761010019,-0.0116591251360442,3215.28,0.004129461979786697,-0.009028969464976555
2025-07-16,96.45359446,78.94780315411256,47.72874544610549,60.84761409004014,32.09832453876659,68.19212740341317,74.16849056536752,-0.037795615664248,0.1065176036568218,0.2912877986733349,-0.9239230972158832,60.024676254547614,0.1924105220740908,3186.38,-0.009028969464976555,0.001853051401356609
2025-07-17,96.21937769,79.31713994088251,41.848688579859704,58.39351559416636,30.987293294559283,68.54378637990453,72.82695206950626,-0.7809155016976786,0.2754142992996954,0.3948282417823766,3.0900617840465507,81.01215689652865,-0.4692641970972855,3192.29,0.001853051401356609,-0.0013228095641490967
2025-07-18,95.15908658,74.5157617128731,31.169144203935502,75.67513471842858,32.76043482071391,64.00817859897609,74.52152355190643,-0.5072863755774685,0.2013540760873421,0.3635302764867807,1.0887828924647087,91.86379406344766,0.1910328318927444,3188.07,-0.0013228095641490967,0.007107523732100773
2025-07-21,97.28061734,74.88509849964305,27.54227205613262,61.21787117671582,36.165288918891925,66.22754196440387,74.77314002998811,-0.3191594908852121,0.2317735220075263,0.3477752024751107,0.9877208211887588,35.602010713875366,-4.233344667994182,3210.81,0.007107523732100773,-0.012810581493766904
2025-07-22,91.39226795,74.33109331948812,9.86237070039646,50.696687030657294,38.18911579320293,53.67402961320827,72.14208101244502,-0.6973197966098381,0.0946509482512465,0.2468887374029865,-0.4489469815912384,82.98824349624194,0.0478469705858731,3169.94,-0.012810581493766904,0.004353368926805601
2025-07-23,92.35969291,74.5157617128731,22.856063275314693,56.481413208387664,40.12980586213427,53.823558571972086,68.5558374542781,0.2551996650906234,0.1178596672354622,0.2556220021513255,-1.14400344957031,66.20045733526689,0.0111329543206415,3183.77,0.004353368926805601,0.0020959434865517323
2025-07-24,91.74212859,74.33109331948812,8.35988496741713,57.36171111521708,40.610711121567824,57.17586662022828,72.48666331516392,-0.0104768521060528,0.250570051864837,0.3863281688995848,0.5051913211293876,63.78411631363198,-1.7226853394952155,3190.45,0.0020959434865517323,0.0017536996587228515
2025-07-25,91.72959002,73.03841456579327,6.531102531411167,71.26568596218489,38.66352769080693,59.091678909526046,74.74898580635649,-0.6728806648901937,0.2237358204287617,0.3487331506892181,1.7401696043866344,57.00033929540698,-1.8678029834695589,3196.05,0.0017536996587228515,0.004205720913164512
2025-07-28,93.17940684,73.40775135256322,5.329112427155126,54.53075897879612,35.54139429853147,58.98176799471457,76.57939836274744,-0.008723088978865,0.2049948090049577,0.3513985890417962,0.0141612385341002,75.78200999975012,-0.5009379647586254,3209.52,0.004205720913164512,0.006537199003185279
2025-07-29,94.5195475,73.96175653271817,6.017774832392404,56.00645236070958,33.771616875917076,59.987537661839255,77.5233095658595,-0.027520709546636,0.0427483189524409,0.166013732407789,-1.6221271426021342,89.78276941798359,-0.1024037919454828,3230.57,0.006537199003185279,0.007370843728281784
2025-07-30,97.07379589,72.8537461724083,5.158677513803895,63.71192609684024,31.10823055761123,62.859507070669395,79.46237036783245,-0.8803627487703892,0.05224510183885,0.1762751737972248,-1.0364052186530963,104.99942770381824,-0.5306411956321276,3254.47,0.007370843728281784,-0.0027785017975183735
2025-07-31,95.42343065,73.40775135256322,5.0256708576944655,62.75657811700249,30.50560888828485,58.18060317611368,71.82804686110569,-0.5048194974788516,0.0617310836234728,0.2134070856486165,-1.1100906546835656,74.68483132239416,0.3670514177292806,3245.44,-0.0027785017975183735,-0.03960705280931798
2025-08-01,80.43544977,68.61105815778981,1.2640088464977677,47.84262230458389,24.53065031259085,52.50482954243999,87.8370591965875,-0.741196152534546,0.061188512339447,0.1995068960596418,-0.9729090029469668,131.74581375737785,-1.0136972350141618,3119.41,-0.03960705280931798,0.009044030524529845
2025-08-04,83.13266832,72.48499501479284,3.0483575841068946,55.42874803276408,22.273568742465123,53.96484789442597,87.45352342607701,-0.6373465988298338,0.0911454377427432,0.2200191215126225,-0.5653564502940318,86.19110198823557,0.0105027875076446,3147.75,0.009044030524529845,0.015837702512088825
2025-08-05,87.66205538,74.69867321879458,8.501565958373398,52.57016988282873,22.31189451506645,52.593825780398426,88.60768610572985,-0.532463223061803,0.0647287683038449,0.180118584175563,-1.0819610976456104,99.92664940738918,-0.3177522265918825,3198.0,0.015837702512088825,4.3776402650408386e-05
2025-08-06,86.54256273,73.77630730046052,12.351274679948808,46.83736376361974,23.465839785633523,52.03019731989791,87.83682779557091,-0.9790720554073356,0.1060064464827379,0.2829584746911748,0.0712809927129402,80.76195845111987,0.0400947295904887,3198.14,4.3776402650408386e-05,0.009194222089490722
2025-08-07,89.65052119,73.5918341167937,18.993266535707587,48.57282104842823,24.490256637115262,51.01653045848907,88.83232225362723,-0.6575900549471094,0.0891050315191302,0.2392085030656858,-0.5766257334869108,57.88464243338217,0.5099447538143034,3227.68,0.009194222089490722,-0.0054895605020348626
2025-08-08,87.50513045,75.43656595346182,17.96301974072014,48.128472075721504,31.807551765182453,50.16489070028967,70.1231784973827,-0.3215060995685195,0.1140057216137496,0.264919475963152,-0.551383740325196,79.6070535111166,0.0180092220584747,3210.01,-0.0054895605020348626,-0.0010098523793384828
2025-08-11,86.7172752,74.69867321879458,13.618556624829187,61.10157975561749,37.66768023922093,46.726959101645335,72.07885222419267,-0.1005445308606583,0.0490645242576924,0.1729031152016553,-1.4806059962565594,80.51761492571194,0.2271006007772775,3206.77,-0.0010098523793384828,-0.005271496789919894
2025-08-12,84.74839477,72.66946819845965,14.0022488159441,68.4256512917792,39.567889206624784,44.722311866022885,76.34119447411611,-0.3805279797681881,0.0756439267851013,0.2341513570897724,-0.9405100954428708,97.38026536944945,-0.2064734833585668,3189.91,-0.005271496789919894,0.010744879094847448
2025-08-13,88.37424365,73.96078048412733,15.041678263177085,68.96824839263616,42.59819239814932,50.28214161771183,80.03499071514102,-0.6074818316492006,0.0891056362257815,0.205080141028571,-0.551697766390376,75.66965174833763,0.1746447612209017,3224.37,0.010744879094847448,0.00039999814487678975
2025-08-14,87.44942283,73.77630730046052,16.924849375789265,59.71972261520576,43.64152728688365,49.071015056030866,78.43614126488396,-0.9265497690125823,0.0728763678334923,0.2240550059194318,-0.5628870469701941,58.43720735124562,0.7700393095413542,3225.66,0.00039999814487678975,-0.01511209560924165
2025-08-18,80.91753886,71.93157546379241,9.73893412873455,43.9616282108934,42.66535631683725,45.65301470395205,80.00433702174662,-0.6423713391107639,0.073861372566298,0.2627610573012988,-0.7360741778026487,85.42006966533764,0.0341324394101944,3177.28,-0.01511209560924165,-0.008127916520226819
2025-08-19,77.94660277,71.56262909645878,4.704887863926829,66.25573088035918,40.72700722993324,42.08652734122364,78.96803457260485,-0.8231523134796199,0.1235713783327164,0.2963046057866965,0.2678854894301719,108.16762342474958,0.0437854906536235,3151.56,-0.008127916520226819,-0.006835810210581883
2025-08-20,75.40302845,70.0868436271243,2.654431043634186,41.15710076639132,39.10675137259393,44.62824012334372,72.5456090447729,-0.4202095939542729,0.0634402306141379,0.2232512091251188,-1.029517478945058,77.34705977341785,0.2742202065270243,3130.09,-0.006835810210581883,0.0037150284363214325
2025-08-21,75.51406577,72.85394138212646,4.581000618842046,45.32927725208404,37.03521827517329,43.81782258107504,71.80312682330391,-0.3642613738559265,0.1397493749099656,0.29271374131177,-0.0299541178143866,92.68819141637924,0.0563353412513881,3141.74,0.0037150284363214325,0.008554090131751124
2025-08-22,78.34028059,72.85394138212646,5.431803959740733,52.52731514403338,36.02097930945606,46.38799377506004,74.85957992723311,-0.4132238404340733,0.0794857790377549,0.2188995320763083,-0.7767231167783994,95.89495973145992,-0.1625227107310846,3168.73,0.008554090131751124,0.01289644578329785
2025-08-25,82.16655737,74.14525366779414,9.27431588894444,37.220605231322,38.074864814889686,49.17409909890454,78.36188506068727,-0.9352516133031836,0.1121184771756663,0.2669189864070468,0.3326945581815562,76.4907853693249,0.0363643427195956,3209.86,0.01289644578329785,-0.009547403808285893
2025-08-26,78.04633822,72.30052183112603,6.008218781796953,31.70738963291958,39.93124262844147,45.19425173760298,79.8679401038955,-0.9779910820639188,0.049469516567822,0.1711954998028716,-0.8622837409811427,96.8533398951058,-0.315701987274579,3179.36,-0.009547403808285893,0.0024503194532154993
2025-08-27,78.25373659,73.03841456579327,8.472341050440829,53.705465285179486,43.54035375004076,43.88867050747909,80.58182730120103,-0.7331897980327149,0.1339135683888205,0.2975903931702179,0.4769774259026076,77.56777908547207,-0.0728805424457352,3187.16,0.0024503194532154993,0.0028699099197009303
2025-08-28,78.92093037,73.5918341167937,15.07945691550851,45.20367179411408,47.05077647697109,42.701807717066174,79.31226198928107,-0.8359896406934036,0.0425998547740972,0.150580412246888,-1.0615281320455905,95.19348607004792,-0.2912291603078821,3196.32,0.0028699099197009303,-0.003230797833401411
2025-08-29,77.0332931,74.14525366779414,12.824479241173842,52.966912629908904,49.73014740361197,42.3490654360271,79.02306200207495,-0.3539543553204688,0.1790563440275268,0.407772265392146,0.5948872792503919,74.08328740378245,-0.4077407054329136,3186.01,-0.003230797833401411,-0.013613864362394423
2025-09-01,71.05077637,69.34895089245705,9.326444777850368,49.49232057895669,49.21769988934758,48.968763656453625,89.89991373383518,-0.7496075704107676,0.1935730627775105,0.342286272451909,1.4294510787104635,77.87605261901925,-0.3485706377279545,3142.93,-0.013613864362394423,0.009317152312242172
2025-09-02,74.33808305,70.64026317812473,7.0449781849268245,41.19827256884843,50.58428378778294,50.47361143020436,89.79784177510129,-0.8146304041906222,0.1208365962739904,0.2672385356805805,0.2703222592394582,78.38275933549522,-0.0088221822285325,3172.35,0.009317152312242172,0.0037975306658442065
2025-09-03,75.50888841,72.30052183112603,12.24613791767451,43.257102420146,50.97712025452385,48.38484160125787,89.93248624463976,-0.954012536510817,0.0465628821178738,0.2097793156973069,-0.9400479076757076,63.14584946527193,0.9755122964319856,3184.42,0.0037975306658442065,0.005139982343225213
2025-09-04,76.46874447,73.77630730046052,19.630243606118924,34.39952415571821,51.0625082617065,49.40401423088384,90.25375273985004,-0.760754657537911,0.1217498198981779,0.2666614531755014,0.2709900855763104,64.88105277214532,-0.0361233564080929,3200.83,0.005139982343225213,0.0013393799955760954
2025-09-05,76.30682422,73.77630730046052,23.58463054555057,41.389276366975245,52.92208352700274,47.03718231976504,88.88309075753958,-0.9509235496343768,0.096026416834895,0.2389611205790061,0.0226120132354386,78.87200871388777,0.0940984554503966,3205.12,0.0013393799955760954,0.004504491087343965
2025-09-08,77.29131207,77.28129779012994,42.6122624555236,52.503446510984695,56.382201476128344,49.19685567383712,71.7987541918052,-0.3976727899330625,0.2048877541983184,0.3648308082712602,1.067916264712752,40.78816954220352,-2.7381949465665443,3219.59,0.004504491087343965,0.012488510427591137
2025-09-09,81.82367332,77.09682460646313,56.50613892327934,78.86448118972892,57.8446593125118,52.79456070886148,70.72845894386175,-0.0032541112814603,0.0816200593681241,0.2698304338025529,-0.9002187023198709,77.81140204784033,0.174813717223563,3260.05,0.012488510427591137,0.016573301112970285
2025-09-10,88.16507465,77.46577097379675,77.86858163064197,78.76378346923319,56.76976308457796,58.77418245077958,74.59262734502197,-0.0855632507703443,0.102854197583278,0.288432714409821,-0.5999951961198893,91.86942664352529,-0.0370146458713557,3314.53,0.016573301112970285,0.008911668249149685
2025-09-11,90.62522808,79.86392236146531,84.90067694667185,61.62722216745511,55.41915549006381,57.587177616854646,75.25737364821408,-0.4772019638239849,0.1113962765568647,0.2890567042376329,-0.0847171330902963,88.71408805164378,-0.0062407070443156,3344.2,0.008911668249149685,0.015235303753341256
2025-09-12,96.90212802,77.46577097379675,90.75136653277886,71.80405178758383,51.71126986891067,63.136509726145874,81.6001878238598,-0.4022724991289715,0.0887270099543949,0.226780944438139,-0.4716141865754922,109.3367956212528,-0.2914853825722271,3395.54,0.015235303753341256,0.003460317879801167
2025-09-15,97.64474991,78.94155644313126,86.9351084666552,72.62312352944998,47.69852420477429,68.32718436860984,78.07745813212581,-0.6135888325177226,0.0604493288262685,0.2009627878525436,-0.7377740897302749,73.53097250869142,0.4136262410850228,3407.31,0.003460317879801167,0.012340956369760292
2025-09-16,100.0,76.54340505546269,85.60585194268651,63.82095916211728,43.74274243970643,74.37011216916022,79.8922285830891,-0.2290266008041078,0.1136616532559101,0.2469739399418818,-0.2695984527948511,119.99525365262394,-0.0703783297067577,3449.62,0.012340956369760292,-0.010555218046814474
2025-09-17,94.67990144,74.88314640246139,72.38462454942236,54.63573766568014,42.53104994431288,72.61344965376931,81.23219159361616,-0.1680852178461336,0.2202598212793257,0.3510305393707453,1.1042078807892013,75.30767677368067,-0.6165482688342473,3413.4,-0.010555218046814474,0.0139353790444261
2025-09-18,100.0,77.83471734113039,79.92186242891479,69.21143839693646,41.476535423149365,76.61437700150701,78.57492970590279,-0.7733983324191397,0.0634034170366603,0.2368316266182674,-0.5467263286062551,110.81603227758096,-0.5682670583698236,3461.3,0.0139353790444261,-0.004650672825027513
2025-09-19,97.77653952,75.80551232079544,59.93679776628461,57.014254053429966,41.35973076740854,73.29869310587345,80.88897908949795,-0.3612063617499038,0.192527186530373,0.3349681272229973,1.2136013171276367,107.14369065511508,0.6504648164715068,3445.24,-0.004650672825027513,0.00677190104630121
2025-09-22,100.0,74.69867321879458,47.35326237912001,61.60333873822971,40.97648735631153,72.96639338324891,83.35617350282806,-0.1358501815050719,0.0855114673683715,0.1844154898762433,-0.7152285589258507,106.26871285297273,-0.2824664868049154,3468.65,0.00677190104630121,0.005043980073537568
2025-09-23,100.0,72.11604864745922,43.45260672427618,61.99962191259855,41.05972918453587,77.40532203762382,82.19409608021917,-0.7402011490873868,0.239054825087544,0.3876209762643247,2.996322152322439,101.8164867843675,0.801512110602298,3486.19,0.005043980073537568,-0.0040383307759430664
2025-09-24,98.34309338,71.00920954545835,30.706829490387697,50.7542869179469,40.8932861803184,76.97264927196201,79.39013712564943,-0.4853212988198491,0.1739609221445983,0.3256391385942438,1.128850256854694,101.57167161817542,0.3619389291001099,3472.14,-0.0040383307759430664,-0.0002966910330322037
2025-09-25,97.76278779,71.00920954545835,25.102008254113297,55.89533955148883,41.00977922958847,76.59077270463148,81.32864129607177,-0.5880021744138976,0.0910832474545998,0.2438821826153361,-0.1677150551838505,83.69926220902849,0.0449109719995656,3471.11,-0.0002966910330322037,-0.02481037724450985
2025-09-26,87.49078373,66.76632632112167,11.053318476060408,24.37928134144021,39.2054402060395,71.2140074255182,80.17596086895222,-0.7775148753147675,0.1429897794025781,0.2752528076886471,1.0774361838995756,115.62869405799438,0.2912704438262573,3386.05,-0.02481037724450985,0.013248918360282858
2025-09-29,92.14196961,71.37815591279197,37.8405455005514,54.56100683265732,39.17253617719063,79.39081938184952,84.76687372075054,-0.7492964138969679,0.1311306311132526,0.2969705363686191,0.7576919828554637,67.30473113944267,-0.1330550247368395,3431.21,0.013248918360282858,-0.0019282920758225686
2025-09-30,90.37989538,70.82473636179154,8.196160937977236,48.5563724921917,39.76597177872514,75.53029299956445,88.80693290972313,-0.405849628816836,0.1196043737499288,0.2738717289120151,0.0358224686372181,116.13410536439524,0.0095164413112916,3424.6,-0.0019282920758225686,0.009077983344402796
2025-10-01,93.57386875,71.93274424848302,21.54470943241017,58.57098606309017,40.84338513814455,76.95408118106486,91.86662561390168,-0.3903040697832484,0.1188880783024327,0.2578702197824977,-0.0109001966202482,70.59530631776033,-0.0005390861195014,3455.83,0.009077983344402796,0.026662383594286965
2025-10-02,100.0,75.43403358663218,28.874149172447073,69.39713696342373,38.0096251290788,83.57565990108378,91.73142896127575,-0.7887389274946256,0.0996593385929566,0.2578042148888044,0.1483009185507815,133.18732069557214,-0.3459516575402085,3549.21,0.026662383594286965,0.017148920008997592
2025-10-10,100.0,73.22269295201166,28.378792278410675,41.099026051451766,34.589127833876496,90.46027216987702,91.02299835274133,-0.2883373075216359,0.0801221480518687,0.1991337173058814,-0.7455993933053771,180.88916337597487,-1.201773835200772,3610.6,0.017148920008997592,-0.007241020360060801
2025-10-13,95.62711582,69.90568200008086,28.273808857667948,52.645187805502026,24.221882566193635,85.9858593863233,89.04789517962105,-0.4165936829763394,0.1456819483664412,0.3332283243710008,0.4532658369107141,128.28645157615014,0.441995705132646,3584.55,-0.007241020360060801,-0.006364100535325434
2025-10-14,91.25915728,70.2742387725176,38.64001261655325,51.302114735355,13.13322906788475,79.30935567838931,85.3375895641846,-0.4630717091818063,0.128419617717977,0.2941386861943523,0.2686779146757461,103.40589336445592,0.0702412718700716,3561.81,-0.006364100535325434,0.02645085910206113
2025-10-15,99.38772311,74.32836326932191,82.04089559909211,60.44383540896673,7.714016982482021,81.29600993372227,67.28625359959642,-0.1425315504321429,0.1257232006858268,0.2806057786815638,-0.2494460026427547,115.13751704896202,0.0818876364549827,3657.28,0.02645085910206113,0.024601377093619092
2025-10-16,100.0,75.61831197285058,91.08310905404684,64.2861896748825,4.024290751150211,87.20058013833251,68.10822606508943,-0.2841516346346893,0.1456316465071792,0.3005578625153653,0.2689507108334271,129.15869357110523,0.448871661622833,3748.37,0.024601377093619092,0.00013871734495829458
2025-10-17,99.64071233,72.30130102091977,71.23295655848739,58.01775950582096,1.371987058170836,82.01408005872199,73.00086737587655,-0.2287685127284845,0.102435327197364,0.2373143601699736,-0.5139962317472624,101.67518680422816,-0.1083121487176475,3748.89,0.00013871734495829458,0.017399607077772217
2025-10-20,100.0,75.43403358663218,81.84801566973651,45.49384341315044,0.9953359162669472,86.10844008415336,72.53660684356998,0.0322679145679451,0.0973913618648504,0.2325909429358125,-0.8875536913184839,131.979375966997,-0.3786008654721238,3814.69,0.017399607077772217,0.0023957500661673237
2025-10-21,98.99467183,75.24975520041382,78.64318214364174,60.843761111901365,0.9761762128380472,81.96965058835968,71.69832374413045,-0.626158725134238,0.1046732427087138,0.2216859702670195,0.0709048439500937,132.42312080458535,-0.2520011673107021,3823.84,0.0023957500661673237,0.015528004435889642
2025-10-22,100.0,77.27681744881596,94.45994970899255,60.91208810765145,0.745153055357417,88.57297516382165,74.82301882974973,-0.2383686015644863,0.143223981815079,0.3237474216304079,0.153993393410014,114.35509350696358,0.2826432097664391,3883.68,0.015528004435889642,-0.009863921699800215
2025-10-23,95.36639604,73.95980649688516,82.74489980057352,62.47311707960063,0.6823676644373624,81.78400198078863,75.56380058983252,-0.618587907207897,0.0269604820911703,0.1341468905394185,-1.536413289268218,227.29851770822788,-3.744804339858369,3845.56,-0.009863921699800215,0.024664959157901123
2025-10-24,100.0,77.46109583503436,84.6214945368549,69.49793896611585,1.0021761180096278,89.02165927168775,74.17333065176334,-0.4849994073686784,0.0732424667071978,0.2016866468874529,-0.686782511728544,166.14810533073205,-1.2507095603047853,3941.59,0.024664959157901123,0.02536074658681997
2025-10-27,100.0,79.30387969721812,93.898824021249,67.82191656619183,0.7913353973694702,94.2968963927408,74.87336508730692,-0.3139024106689723,0.0896655613923698,0.2332431643218424,-0.584325118665048,163.6900628624672,-0.781638814131875,4042.83,0.02536074658681997,-0.008051461309518615
2025-10-28,95.74887722,76.1711471315057,88.1889727908681,59.46050839667901,0.578361506566337,89.44564260587441,77.55042664703087,-0.6865978713191471,0.116359684123891,0.2882016073327358,0.4421031716806112,118.7805850580381,-0.0325522532472949,4010.41,-0.008051461309518615,0.01748533096442273
2025-10-29,100.0,77.46109583503436,83.01257295365343,65.49982446405592,0.4163008174032187,96.00345431148796,77.85152026370807,-0.1966498120129915,0.0524762125564388,0.2230120555735595,-1.301972414986503,102.37005691590032,-0.4575618330648462,4081.15,0.01748533096442273,0.0014054781673173977
2025-10-30,100.0,72.30130102091977,58.93257817307897,56.705269511047184,0.3545822230703574,98.16078756575791,83.940233797149,-0.6006008623261644,0.0587140476148124,0.1844902276796857,-0.8644979911372563,78.81004194116547,0.2500826348565133,4086.89,0.0014054781673173977,0.005030281316642515
2025-10-31,100.0,71.1956307036095,50.62687555412639,61.95033401469423,0.397249141342263,100.0,86.77719169456316,-0.2717598177602952,0.125995416022132,0.2537783635766976,0.0950857541961355,86.57015298219015,-0.0013906844281601,4107.5,0.005030281316642515,0.027463586928519135
2025-11-03,100.0,69.90568200008086,48.98950840385178,56.969801405330045,0.3997772157673957,100.0,83.82948596292168,-0.379340287087101,0.1335566347138607,0.2987161226322517,0.486342782576542,165.20584142532326,0.4005856612344601,4221.87,0.027463586928519135,-0.02400275355553738
2025-11-04,91.02547724,69.5371252276441,39.170488598175794,54.38512465471356,0.2881024306407561,100.0,81.85073189630454,-0.7537940551047837,0.1370957619258617,0.2922298012481855,1.2840749671260203,171.0276881718485,0.5237188666570398,4121.74,-0.02400275355553738,-0.028876653245506034
2025-11-05,82.37990197,63.45593848243764,11.315588361477602,34.29549425031793,0.0972663226093296,94.34383841346316,74.33270465712155,-0.7074827665579424,0.0527054238817264,0.1977151999882883,-0.951990766369058,248.81633881354665,-2.949915579809617,4004.42,-0.028876653245506034,0.005486343387076431
2025-11-06,82.91833845,71.37990908982788,10.196019119799749,37.439713384037894,0.0275862702348751,89.3247901831767,71.60013556939111,-0.3947883853120721,0.1018827281617395,0.2417904704263108,-0.2026123502668551,149.98884031396153,-0.3912616609107712,4026.45,0.005486343387076431,-0.01821806956492722
2025-11-07,77.19243202,66.03583588949492,2.7994851695543552,50.828053925773176,0.0039752665945209,77.53961768573289,70.28333972713975,-0.8667670741173684,0.1099719081545387,0.2422225559938449,0.8185020370405022,201.06922162970764,-0.3147663237264743,3953.76,-0.01821806956492722,0.02977172667695882
2025-11-10,84.47517671,76.72398229016083,12.476503408811457,35.18828474228662,0.0011193939694338,89.15801957168512,74.26015018714926,-0.7522910202228517,0.1051172380598526,0.2564872284059557,0.4535978750443847,188.0751886886736,-0.4483865618625112,4073.24,0.02977172667695882,0.008105545482054666
2025-11-11,86.44471731,75.06547681419543,12.858917757136483,47.19025930088607,0.0006084816585529,94.71763946558568,72.29029931423314,-0.6793389996947831,0.1043108803932975,0.2450368873825202,0.2951188076523944,212.8685690746493,-0.5512111945328849,4106.39,0.008105545482054666,0.01065800869283784
2025-11-12,88.02681501,80.22527162831001,24.99292607120459,55.8730225977262,0.0014215368173028,90.95573054041402,74.74648620340692,-0.973802061017574,0.0571384839743034,0.2029694763683368,-0.6866435962342681,234.1140017513047,-2.5922050126956035,4150.39,0.01065800869283784,0.00486479780533422
2025-11-13,88.02091817,77.8296526074711,34.62296555201203,55.35781436060113,0.0049724641413888,83.73643710499805,73.3312105758272,-0.5134880007226884,0.1372228519103538,0.3018549807552024,0.835783227077425,200.8979033858048,0.653256266790817,4170.63,0.00486479780533422,-0.03888441764503625
2025-11-14,75.32389624,73.5912497244484,15.572136834349545,43.91392283797089,0.0122034199378173,72.99378603115727,70.40771643303177,-0.8358127706112971,0.1070383890189445,0.2538429985104901,0.6319883285114142,246.71843451211575,-0.5216760708674214,4011.57,-0.03888441764503625,0.01917889326543687
2025-11-17,80.70475012,73.77552811066678,14.527696443293136,41.2945560745741,0.0293448404704613,73.61002784359371,67.03307877358557,-0.6231382906663612,0.1398752116278087,0.2672512478316469,1.1348465463099062,104.03033273622688,0.1594875391393569,4089.25,0.01917889326543687,-0.033729964236387744
2025-11-18,70.40662117,64.74588718596628,3.600336511065078,16.950175436787266,0.0278502727285764,63.37619822965513,68.41286201101171,-0.8802257796772754,0.1258738501608689,0.2863643326591002,1.312597473226932,143.58990200315375,0.1496807098622332,3953.62,-0.033729964236387744,-0.006116878746221133
2025-11-19,67.85887945,68.06289813789708,4.273442165084899,28.55478044909469,0.0160490977238476,58.67107745379933,65.79045487487286,-0.580870061841364,0.0893208220484045,0.2336064291285087,-0.2494732102906492,134.55372606417785,-0.5453277474402547,3929.51,-0.006116878746221133,0.018991390461524205
2025-11-20,72.47548763,74.32836326932191,16.47637883264951,45.43269273687133,0.0098183771789202,67.1512468451531,66.88478741768557,-0.3649166775109733,0.1154499558260969,0.2842732519344495,0.0144461838701388,113.81830557004128,-0.0384482849113994,4004.85,0.018991390461524205,-0.03858658338225496
2025-11-21,60.51501465,70.2742387725176,6.535469792858395,45.64818704593463,0.0043228099807872,48.14417742163222,69.01774757384209,-0.5740961541947638,0.0919480926089863,0.2409453841150534,-0.2121041964804516,196.07336680260588,-0.9266972780284868,3853.26,-0.03858658338225496,-0.001870295584232906
2025-11-24,60.00552097,68.06289813789708,4.348881969915533,36.262016312949115,0.0019573199601317,40.27702372806236,72.10592885251329,-0.2959112599766535,0.0890847950228139,0.2466818572820483,-0.7151484859166533,210.9047259134147,-1.1176603731871624,3846.06,-0.001870295584232906,0.0030426408237058666
2025-11-25,61.04739682,68.98429006898897,4.9591880375630035,31.847910915488548,0.0028787393346452,44.81907891367576,73.86704077482226,-0.4984685380260678,0.1374356377630713,0.2863591601924386,1.2108388584840726,164.07532069805353,0.500648687722895,3857.78,0.0030426408237058666,0.026371809613609187
2025-11-26,67.18965824,75.61831197285058,17.772038233043286,32.20572596712624,0.0089716847095005,45.53298874731341,78.23697805332307,-0.4323339271014386,0.1238042786084618,0.2586482583450945,0.5754443455574385,183.0061778077429,0.1570105538778116,3960.87,0.026371809613609187,0.006552796674764494
2025-11-27,68.27325399,74.5126416555403,18.951136827038827,48.96542679386405,0.0223001408674285,45.9506972632901,76.0254914585061,-0.77624893876523,0.0272483442218859,0.113004172291444,-2.0903470261327532,309.844992645204,-4.941212887066103,3986.91,0.006552796674764494,-0.015245130034278631
2025-11-28,62.8291717,73.22269295201166,21.02818973327969,48.123981297489685,0.1205780513484573,38.87040186787947,76.6878786504261,-0.858594438832207,0.0728059307214717,0.2227188554848716,-0.2536847662320866,178.08334823484705,-1.398360139233664,3926.59,-0.015245130034278631,-0.0015853276434967256
2025-12-01,62.05998114,73.95980649688516,24.81307230505101,52.70907911566483,0.3193763904474039,30.12994484644073,91.44770739115046,-0.6776050160173717,0.0895191250385711,0.2500996133068581,0.1367141182228233,128.82891185011334,-0.4876071702578827,3920.37,-0.0015853276434967256,0.018840020059119666
2025-12-02,66.87167642,76.35542551772407,46.90232704060831,23.08731718924835,0.7997414933141733,43.2994347676616,90.9529208598453,-0.620639214807612,0.0326110901274576,0.166483007369544,-1.8000568181751366,93.5640759386922,-0.2664341861702606,3994.93,0.018840020059119666,0.010302373587412816
2025-12-03,68.47606738,78.56676615234461,53.67297314324222,55.90782858962148,1.220559823950256,53.236585773411115,90.77011947551745,-0.9841553344679916,0.1306771227531527,0.3045750230381638,2.2088221462356374,116.71009627685504,0.1475233478177401,4036.3,0.010302373587412816,-0.0019318502042136032
2025-12-04,67.18498977,78.01393099368948,51.12680120658864,50.99504966846434,1.5846855137035452,50.109522238697146,91.13852293893868,-0.4548020244261152,0.0603232389781352,0.2121030026104367,-1.0580309121283908,95.79678041553412,-0.2391504049068195,4028.51,-0.0019318502042136032,0.017602588212305648
2025-12-05,71.63310318,79.30387969721812,78.42586806163467,54.88589890265105,2.235510558558449,59.37030815563459,90.789390650806,-0.6789442159848962,0.1034397842702292,0.2618087767486802,0.5535846708481255,101.36265573923532,-0.0996698652957387,4100.05,0.017602588212305648,0.013277157814865603
2025-12-08,74.79331205,78.01393099368948,77.62422737891829,66.90019031115571,3.38750621852444,55.312226207991976,74.03273918965033,-0.7909739376432462,0.1026875694510089,0.2438315100733032,0.7359296698925132,174.800010827472,-0.4776317030083846,4154.85,0.013277157814865603,-0.002723418245528464
2025-12-09,72.40515733,76.1711471315057,78.28030660936584,62.8282454900495,4.031712823144916,51.88010526621588,75.28560906983799,-0.6813020326151591,0.0655015392512212,0.1931242879667632,-0.6920291314538007,130.53109641925224,-0.9168897345544748,4143.55,-0.002723418245528464,-0.0020655798515356594
2025-12-10,71.52916138,73.5912497244484,64.89248325610247,56.737772169724906,4.712770188079597,48.577110936460535,74.66611410204888,-0.5737205607019666,0.0771882545295528,0.2012465839536887,-0.4497292393020365,136.29813509420265,-0.7923183901115813,4135.0,-0.0020655798515356594,-0.005913459762959761
2025-12-11,68.26261764,76.35542551772407,77.4762706510638,44.01995219413583,5.149327572565259,45.16025316927852,74.4359462565607,-0.787693842517717,0.131178299509325,0.275466617966311,1.682862420640294,211.89719075193193,0.4666157886381887,4110.62,-0.005913459762959761,0.013660879918722557
2025-12-12,71.20100451,77.64537422125272,89.64340353805056,30.2296830603258,6.066876794827432,59.218161064990994,77.31688385286397,-0.6677461356686154,0.183709816329566,0.3281970296610115,2.8377236634383967,141.84510610207104,1.3444647340624216,4167.16,0.013660879918722557,-0.018545534701626565
2025-12-15,64.11194055,76.35192656102373,74.00831001406655,51.60806179320188,6.2807236043066705,46.009138545494935,83.83039902733285,-0.4952035680832926,0.1044125803831313,0.2507746548429519,0.1929912833644167,131.9492442997567,-0.2544500399067407,4090.59,-0.018545534701626565,-0.02261237646645675
2025-12-16,57.32123219,73.40658256526334,51.47020897582095,36.353151481377104,6.020705981123084,49.92307874621346,82.32531927678214,-0.6444683302919242,0.0899723251369678,0.242726907521206,0.0408174279308537,170.7312968459581,-0.8250513627132817,3999.13,-0.02261237646645675,0.01422150852944526
2025-12-17,61.91539222,74.87925456314353,52.40659882031235,39.74032457315273,6.473293989714605,57.04676441004518,83.16806439220338,-0.7269861099791102,0.0945879459616136,0.2569945116748098,0.322073965624219,150.90366384456158,-0.565966132825198,4056.41,0.01422150852944526,-0.015377427613721295
2025-12-18,57.9743337,72.48616256658819,70.00934744230722,53.64926384082227,6.228031879010033,47.840254180803626,83.83997808019642,-0.5028704814254944,0.102554299864732,0.2483575493804229,0.1389643682635419,137.68983595841823,-0.3166562915330245,3994.51,-0.015377427613721295,0.006497790813824622
2025-12-19,58.63738021,73.9588345644684,58.11663142662632,39.58959142011517,5.144808039959944,61.81609085635827,82.66235445281218,-0.9599674917441304,0.1722553001368946,0.3441137204978402,3.1089388331814156,174.05513638414342,1.5714853391212575,4020.55,0.006497790813824622,0.0210135610364226
2025-12-22,64.76454153,75.98375856155367,65.73650466833034,36.551902563384424,5.023968871595448,68.01612335345278,80.83349393189953,-0.9425742678358486,0.0764495627547541,0.2173493713387944,-0.0983539655205421,106.3553562618676,-0.3607609050638556,4105.93,0.0210135610364226,0.002770196037792161
2025-12-23,63.70221094,61.104315062618944,58.78417436410128,40.514982003945434,6.108149597352833,67.54315911598823,85.06049154194498,-0.6515903144539418,0.1113418869071387,0.2619505624016212,0.4662892807862959,198.28950922120345,-0.2616360292533848,4117.32,0.002770196037792161,-0.0021152605644800815
2025-12-24,62.7248258,58.68113423377274,44.195253818343176,36.65054033333157,6.527591380068512,59.989780439455174,86.75720224036647,-0.8914789968846532,0.0881489409734968,0.2431599254237222,0.1718728470967,213.4409316347831,-1.1684294414030785,4108.62,-0.0021152605644800815,0.005112716428255837
2025-12-26,64.94804432,58.14264960514025,48.603959434331074,56.05873616452346,7.481406965930375,59.79069245938754,85.85607101051025,-0.6675306909384048,0.1462678462477144,0.3008314623592648,1.4054301731953385,214.62108184524743,1.051583284584576,4129.68,0.005112716428255837,0.021767898534791996
2025-12-29,71.90066541,59.488861176721464,72.24785911670347,49.52272734124479,7.355175974797771,71.19041571790413,86.59224111404131,-0.6954709592400968,0.1154600970026525,0.2700858891819966,0.5405069455068613,145.38259526870888,-0.0732839245509883,4220.56,0.021767898534791996,-0.001515164379291889
